annotation_code	accession	assembly_code	annotation_name	annotation_version	species_code	scientific_name	source_database	external_project	file_name	file_type	description
ANN_W0103_PRJEB73710	W0103	ASM_W0103_PRJEB73710	W0103 genome annotation		ORYZA_RUFIPOGON	Oryza rufipogon	Figshare	PRJEB73710	annotation.W0103.gff	GFF	Genome annotation associated with rice pangenome assembly
ANN_W0107_PRJEB73710	W0107	ASM_W0107_PRJEB73710	W0107 genome annotation		ORYZA_RUFIPOGON	Oryza rufipogon	Figshare	PRJEB73710	annotation.W0107.gff	GFF	Genome annotation associated with rice pangenome assembly
ANN_W0108_PRJEB73710	W0108	ASM_W0108_PRJEB73710	W0108 genome annotation		ORYZA_RUFIPOGON	Oryza rufipogon	Figshare	PRJEB73710	annotation.W0108.gff	GFF	Genome annotation associated with rice pangenome assembly
ANN_W0133_PRJEB73710	W0133	ASM_W0133_PRJEB73710	W0133 genome annotation		ORYZA_RUFIPOGON	Oryza rufipogon	Figshare	PRJEB73710	annotation.W0133.gff	GFF	Genome annotation associated with rice pangenome assembly
ANN_W0135_PRJEB73710	W0135	ASM_W0135_PRJEB73710	W0135 genome annotation		ORYZA_RUFIPOGON	Oryza rufipogon	Figshare	PRJEB73710	annotation.W0135.gff	GFF	Genome annotation associated with rice pangenome assembly
ANN_W0136_PRJEB73710	W0136	ASM_W0136_PRJEB73710	W0136 genome annotation		ORYZA_RUFIPOGON	Oryza rufipogon	Figshare	PRJEB73710	annotation.W0136.gff	GFF	Genome annotation associated with rice pangenome assembly
ANN_W0137_PRJEB73710	W0137	ASM_W0137_PRJEB73710	W0137 genome annotation		ORYZA_RUFIPOGON	Oryza rufipogon	Figshare	PRJEB73710	annotation.W0137.gff	GFF	Genome annotation associated with rice pangenome assembly
ANN_W0143_PRJEB73710	W0143	ASM_W0143_PRJEB73710	W0143 genome annotation		ORYZA_RUFIPOGON	Oryza rufipogon	Figshare	PRJEB73710	annotation.W0143.gff	GFF	Genome annotation associated with rice pangenome assembly
ANN_W0145_PRJEB73710	W0145	ASM_W0145_PRJEB73710	W0145 genome annotation		ORYZA_RUFIPOGON	Oryza rufipogon	Figshare	PRJEB73710	annotation.W0145.gff	GFF	Genome annotation associated with rice pangenome assembly
ANN_W0147_PRJEB73710	W0147	ASM_W0147_PRJEB73710	W0147 genome annotation		ORYZA_RUFIPOGON	Oryza rufipogon	Figshare	PRJEB73710	annotation.W0147.gff	GFF	Genome annotation associated with rice pangenome assembly
ANN_W0149_PRJEB73710	W0149	ASM_W0149_PRJEB73710	W0149 genome annotation		ORYZA_RUFIPOGON	Oryza rufipogon	Figshare	PRJEB73710	annotation.W0149.gff	GFF	Genome annotation associated with rice pangenome assembly
ANN_W0157_PRJEB73710	W0157	ASM_W0157_PRJEB73710	W0157 genome annotation		ORYZA_RUFIPOGON	Oryza rufipogon	Figshare	PRJEB73710	annotation.W0157.gff	GFF	Genome annotation associated with rice pangenome assembly
ANN_W0164_PRJEB73710	W0164	ASM_W0164_PRJEB73710	W0164 genome annotation		ORYZA_RUFIPOGON	Oryza rufipogon	Figshare	PRJEB73710	annotation.W0164.gff	GFF	Genome annotation associated with rice pangenome assembly
ANN_W0166_PRJEB73710	W0166	ASM_W0166_PRJEB73710	W0166 genome annotation		ORYZA_RUFIPOGON	Oryza rufipogon	Figshare	PRJEB73710	annotation.W0166.gff	GFF	Genome annotation associated with rice pangenome assembly
ANN_W0169_PRJEB73710	W0169	ASM_W0169_PRJEB73710	W0169 genome annotation		ORYZA_RUFIPOGON	Oryza rufipogon	Figshare	PRJEB73710	annotation.W0169.gff	GFF	Genome annotation associated with rice pangenome assembly
ANN_W0171_PRJEB73710	W0171	ASM_W0171_PRJEB73710	W0171 genome annotation		ORYZA_RUFIPOGON	Oryza rufipogon	Figshare	PRJEB73710	annotation.W0171.gff	GFF	Genome annotation associated with rice pangenome assembly
ANN_W0179_PRJEB73710	W0179	ASM_W0179_PRJEB73710	W0179 genome annotation		ORYZA_RUFIPOGON	Oryza rufipogon	Figshare	PRJEB73710	annotation.W0179.gff	GFF	Genome annotation associated with rice pangenome assembly
ANN_W0180_PRJEB73710	W0180	ASM_W0180_PRJEB73710	W0180 genome annotation		ORYZA_RUFIPOGON	Oryza rufipogon	Figshare	PRJEB73710	annotation.W0180.gff	GFF	Genome annotation associated with rice pangenome assembly
ANN_W0234_PRJEB73710	W0234	ASM_W0234_PRJEB73710	W0234 genome annotation		ORYZA_RUFIPOGON	Oryza rufipogon	Figshare	PRJEB73710	annotation.W0234.gff	GFF	Genome annotation associated with rice pangenome assembly
ANN_W0573_PRJEB73710	W0573	ASM_W0573_PRJEB73710	W0573 genome annotation		ORYZA_RUFIPOGON	Oryza rufipogon	Figshare	PRJEB73710	annotation.W0573.gff	GFF	Genome annotation associated with rice pangenome assembly
ANN_W0590_PRJEB73710	W0590	ASM_W0590_PRJEB73710	W0590 genome annotation		ORYZA_RUFIPOGON	Oryza rufipogon	Figshare	PRJEB73710	annotation.W0590.gff	GFF	Genome annotation associated with rice pangenome assembly
ANN_W0594_PRJEB73710	W0594	ASM_W0594_PRJEB73710	W0594 genome annotation		ORYZA_RUFIPOGON	Oryza rufipogon	Figshare	PRJEB73710	annotation.W0594.gff	GFF	Genome annotation associated with rice pangenome assembly
ANN_W0596_PRJEB73710	W0596	ASM_W0596_PRJEB73710	W0596 genome annotation		ORYZA_RUFIPOGON	Oryza rufipogon	Figshare	PRJEB73710	annotation.W0596.gff	GFF	Genome annotation associated with rice pangenome assembly
ANN_W0600_PRJEB73710	W0600	ASM_W0600_PRJEB73710	W0600 genome annotation		ORYZA_RUFIPOGON	Oryza rufipogon	Figshare	PRJEB73710	annotation.W0600.gff	GFF	Genome annotation associated with rice pangenome assembly
ANN_W0627_PRJEB73710	W0627	ASM_W0627_PRJEB73710	W0627 genome annotation		ORYZA_RUFIPOGON	Oryza rufipogon	Figshare	PRJEB73710	annotation.W0627.gff	GFF	Genome annotation associated with rice pangenome assembly
ANN_W0630_PRJEB73710	W0630	ASM_W0630_PRJEB73710	W0630 genome annotation		ORYZA_RUFIPOGON	Oryza rufipogon	Figshare	PRJEB73710	annotation.W0630.gff	GFF	Genome annotation associated with rice pangenome assembly
ANN_W0632_PRJEB73710	W0632	ASM_W0632_PRJEB73710	W0632 genome annotation		ORYZA_RUFIPOGON	Oryza rufipogon	Figshare	PRJEB73710	annotation.W0632.gff	GFF	Genome annotation associated with rice pangenome assembly
ANN_W0634_PRJEB73710	W0634	ASM_W0634_PRJEB73710	W0634 genome annotation		ORYZA_RUFIPOGON	Oryza rufipogon	Figshare	PRJEB73710	annotation.W0634.gff	GFF	Genome annotation associated with rice pangenome assembly
ANN_W0639_PRJEB73710	W0639	ASM_W0639_PRJEB73710	W0639 genome annotation		ORYZA_RUFIPOGON	Oryza rufipogon	Figshare	PRJEB73710	annotation.W0639.gff	GFF	Genome annotation associated with rice pangenome assembly
ANN_W1080_PRJEB73710	W1080	ASM_W1080_PRJEB73710	W1080 genome annotation		ORYZA_RUFIPOGON	Oryza rufipogon	Figshare	PRJEB73710	annotation.W1080.gff	GFF	Genome annotation associated with rice pangenome assembly
ANN_W1084_PRJEB73710	W1084	ASM_W1084_PRJEB73710	W1084 genome annotation		ORYZA_RUFIPOGON	Oryza rufipogon	Figshare	PRJEB73710	annotation.W1084.gff	GFF	Genome annotation associated with rice pangenome assembly
ANN_W1093_PRJEB73710	W1093	ASM_W1093_PRJEB73710	W1093 genome annotation		ORYZA_RUFIPOGON	Oryza rufipogon	Figshare	PRJEB73710	annotation.W1093.gff	GFF	Genome annotation associated with rice pangenome assembly
ANN_W1107_PRJEB73710	W1107	ASM_W1107_PRJEB73710	W1107 genome annotation		ORYZA_RUFIPOGON	Oryza rufipogon	Figshare	PRJEB73710	annotation.W1107.gff	GFF	Genome annotation associated with rice pangenome assembly
ANN_W1117_PRJEB73710	W1117	ASM_W1117_PRJEB73710	W1117 genome annotation		ORYZA_RUFIPOGON	Oryza rufipogon	Figshare	PRJEB73710	annotation.W1117.gff	GFF	Genome annotation associated with rice pangenome assembly
ANN_W1126_PRJEB73710	W1126	ASM_W1126_PRJEB73710	W1126 genome annotation		ORYZA_RUFIPOGON	Oryza rufipogon	Figshare	PRJEB73710	annotation.W1126.gff	GFF	Genome annotation associated with rice pangenome assembly
ANN_W1142_PRJEB73710	W1142	ASM_W1142_PRJEB73710	W1142 genome annotation		ORYZA_RUFIPOGON	Oryza rufipogon	Figshare	PRJEB73710	annotation.W1142.gff	GFF	Genome annotation associated with rice pangenome assembly
ANN_W1214_PRJEB73710	W1214	ASM_W1214_PRJEB73710	W1214 genome annotation		ORYZA_RUFIPOGON	Oryza rufipogon	Figshare	PRJEB73710	annotation.W1214.gff	GFF	Genome annotation associated with rice pangenome assembly
ANN_W1236_PRJEB73710	W1236	ASM_W1236_PRJEB73710	W1236 genome annotation		ORYZA_RUFIPOGON	Oryza rufipogon	Figshare	PRJEB73710	annotation.W1236.gff	GFF	Genome annotation associated with rice pangenome assembly
ANN_W1292_PRJEB73710	W1292	ASM_W1292_PRJEB73710	W1292 genome annotation		ORYZA_RUFIPOGON	Oryza rufipogon	Figshare	PRJEB73710	annotation.W1292.gff	GFF	Genome annotation associated with rice pangenome assembly
ANN_W1536_PRJEB73710	W1536	ASM_W1536_PRJEB73710	W1536 genome annotation		ORYZA_RUFIPOGON	Oryza rufipogon	Figshare	PRJEB73710	annotation.W1536.gff	GFF	Genome annotation associated with rice pangenome assembly
ANN_W1547_PRJEB73710	W1547	ASM_W1547_PRJEB73710	W1547 genome annotation		ORYZA_RUFIPOGON	Oryza rufipogon	Figshare	PRJEB73710	annotation.W1547.gff	GFF	Genome annotation associated with rice pangenome assembly
ANN_W1550_PRJEB73710	W1550	ASM_W1550_PRJEB73710	W1550 genome annotation		ORYZA_RUFIPOGON	Oryza rufipogon	Figshare	PRJEB73710	annotation.W1550.gff	GFF	Genome annotation associated with rice pangenome assembly
ANN_W1552_PRJEB73710	W1552	ASM_W1552_PRJEB73710	W1552 genome annotation		ORYZA_RUFIPOGON	Oryza rufipogon	Figshare	PRJEB73710	annotation.W1552.gff	GFF	Genome annotation associated with rice pangenome assembly
ANN_W1553_PRJEB73710	W1553	ASM_W1553_PRJEB73710	W1553 genome annotation		ORYZA_RUFIPOGON	Oryza rufipogon	Figshare	PRJEB73710	annotation.W1553.gff	GFF	Genome annotation associated with rice pangenome assembly
ANN_W1556_PRJEB73710	W1556	ASM_W1556_PRJEB73710	W1556 genome annotation		ORYZA_RUFIPOGON	Oryza rufipogon	Figshare	PRJEB73710	annotation.W1556.gff	GFF	Genome annotation associated with rice pangenome assembly
ANN_W1557_PRJEB73710	W1557	ASM_W1557_PRJEB73710	W1557 genome annotation		ORYZA_RUFIPOGON	Oryza rufipogon	Figshare	PRJEB73710	annotation.W1557.gff	GFF	Genome annotation associated with rice pangenome assembly
ANN_W1559_PRJEB73710	W1559	ASM_W1559_PRJEB73710	W1559 genome annotation		ORYZA_RUFIPOGON	Oryza rufipogon	Figshare	PRJEB73710	annotation.W1559.gff	GFF	Genome annotation associated with rice pangenome assembly
ANN_W1619_PRJEB73710	W1619	ASM_W1619_PRJEB73710	W1619 genome annotation		ORYZA_RUFIPOGON	Oryza rufipogon	Figshare	PRJEB73710	annotation.W1619.gff	GFF	Genome annotation associated with rice pangenome assembly
ANN_W1666_PRJEB73710	W1666	ASM_W1666_PRJEB73710	W1666 genome annotation		ORYZA_RUFIPOGON	Oryza rufipogon	Figshare	PRJEB73710	annotation.W1666.gff	GFF	Genome annotation associated with rice pangenome assembly
ANN_W1668_PRJEB73710	W1668	ASM_W1668_PRJEB73710	W1668 genome annotation		ORYZA_RUFIPOGON	Oryza rufipogon	Figshare	PRJEB73710	annotation.W1668.gff	GFF	Genome annotation associated with rice pangenome assembly
ANN_W1677_PRJEB73710	W1677	ASM_W1677_PRJEB73710	W1677 genome annotation		ORYZA_RUFIPOGON	Oryza rufipogon	Figshare	PRJEB73710	annotation.W1677.gff	GFF	Genome annotation associated with rice pangenome assembly
ANN_W1679_PRJEB73710	W1679	ASM_W1679_PRJEB73710	W1679 genome annotation		ORYZA_RUFIPOGON	Oryza rufipogon	Figshare	PRJEB73710	annotation.W1679.gff	GFF	Genome annotation associated with rice pangenome assembly
ANN_W1718_PRJEB73710	W1718	ASM_W1718_PRJEB73710	W1718 genome annotation		ORYZA_RUFIPOGON	Oryza rufipogon	Figshare	PRJEB73710	annotation.W1718.gff	GFF	Genome annotation associated with rice pangenome assembly
ANN_W1719_PRJEB73710	W1719	ASM_W1719_PRJEB73710	W1719 genome annotation		ORYZA_RUFIPOGON	Oryza rufipogon	Figshare	PRJEB73710	annotation.W1719.gff	GFF	Genome annotation associated with rice pangenome assembly
ANN_W1723_PRJEB73710	W1723	ASM_W1723_PRJEB73710	W1723 genome annotation		ORYZA_RUFIPOGON	Oryza rufipogon	Figshare	PRJEB73710	annotation.W1723.gff	GFF	Genome annotation associated with rice pangenome assembly
ANN_W1725_PRJEB73710	W1725	ASM_W1725_PRJEB73710	W1725 genome annotation		ORYZA_RUFIPOGON	Oryza rufipogon	Figshare	PRJEB73710	annotation.W1725.gff	GFF	Genome annotation associated with rice pangenome assembly
ANN_W1726_PRJEB73710	W1726	ASM_W1726_PRJEB73710	W1726 genome annotation		ORYZA_RUFIPOGON	Oryza rufipogon	Figshare	PRJEB73710	annotation.W1726.gff	GFF	Genome annotation associated with rice pangenome assembly
ANN_W1731_PRJEB73710	W1731	ASM_W1731_PRJEB73710	W1731 genome annotation		ORYZA_RUFIPOGON	Oryza rufipogon	Figshare	PRJEB73710	annotation.W1731.gff	GFF	Genome annotation associated with rice pangenome assembly
ANN_W1732_PRJEB73710	W1732	ASM_W1732_PRJEB73710	W1732 genome annotation		ORYZA_RUFIPOGON	Oryza rufipogon	Figshare	PRJEB73710	annotation.W1732.gff	GFF	Genome annotation associated with rice pangenome assembly
ANN_W1735_PRJEB73710	W1735	ASM_W1735_PRJEB73710	W1735 genome annotation		ORYZA_RUFIPOGON	Oryza rufipogon	Figshare	PRJEB73710	annotation.W1735.gff	GFF	Genome annotation associated with rice pangenome assembly
ANN_W1736_PRJEB73710	W1736	ASM_W1736_PRJEB73710	W1736 genome annotation		ORYZA_RUFIPOGON	Oryza rufipogon	Figshare	PRJEB73710	annotation.W1736.gff	GFF	Genome annotation associated with rice pangenome assembly
ANN_W1737_PRJEB73710	W1737	ASM_W1737_PRJEB73710	W1737 genome annotation		ORYZA_RUFIPOGON	Oryza rufipogon	Figshare	PRJEB73710	annotation.W1737.gff	GFF	Genome annotation associated with rice pangenome assembly
ANN_W1742_PRJEB73710	W1742	ASM_W1742_PRJEB73710	W1742 genome annotation		ORYZA_RUFIPOGON	Oryza rufipogon	Figshare	PRJEB73710	annotation.W1742.gff	GFF	Genome annotation associated with rice pangenome assembly
ANN_W1748_PRJEB73710	W1748	ASM_W1748_PRJEB73710	W1748 genome annotation		ORYZA_RUFIPOGON	Oryza rufipogon	Figshare	PRJEB73710	annotation.W1748.gff	GFF	Genome annotation associated with rice pangenome assembly
ANN_W1750_PRJEB73710	W1750	ASM_W1750_PRJEB73710	W1750 genome annotation		ORYZA_RUFIPOGON	Oryza rufipogon	Figshare	PRJEB73710	annotation.W1750.gff	GFF	Genome annotation associated with rice pangenome assembly
ANN_W1777_PRJEB73710	W1777	ASM_W1777_PRJEB73710	W1777 genome annotation		ORYZA_RUFIPOGON	Oryza rufipogon	Figshare	PRJEB73710	annotation.W1777.gff	GFF	Genome annotation associated with rice pangenome assembly
ANN_W1783_PRJEB73710	W1783	ASM_W1783_PRJEB73710	W1783 genome annotation		ORYZA_RUFIPOGON	Oryza rufipogon	Figshare	PRJEB73710	annotation.W1783.gff	GFF	Genome annotation associated with rice pangenome assembly
ANN_W1787_PRJEB73710	W1787	ASM_W1787_PRJEB73710	W1787 genome annotation		ORYZA_RUFIPOGON	Oryza rufipogon	Figshare	PRJEB73710	annotation.W1787.gff	GFF	Genome annotation associated with rice pangenome assembly
ANN_W1809_PRJEB73710	W1809	ASM_W1809_PRJEB73710	W1809 genome annotation		ORYZA_RUFIPOGON	Oryza rufipogon	Figshare	PRJEB73710	annotation.W1809.gff	GFF	Genome annotation associated with rice pangenome assembly
ANN_W1810_PRJEB73710	W1810	ASM_W1810_PRJEB73710	W1810 genome annotation		ORYZA_RUFIPOGON	Oryza rufipogon	Figshare	PRJEB73710	annotation.W1810.gff	GFF	Genome annotation associated with rice pangenome assembly
ANN_W1825_PRJEB73710	W1825	ASM_W1825_PRJEB73710	W1825 genome annotation		ORYZA_RUFIPOGON	Oryza rufipogon	Figshare	PRJEB73710	annotation.W1825.gff	GFF	Genome annotation associated with rice pangenome assembly
ANN_W1839_PRJEB73710	W1839	ASM_W1839_PRJEB73710	W1839 genome annotation		ORYZA_RUFIPOGON	Oryza rufipogon	Figshare	PRJEB73710	annotation.W1839.gff	GFF	Genome annotation associated with rice pangenome assembly
ANN_W1859_PRJEB73710	W1859	ASM_W1859_PRJEB73710	W1859 genome annotation		ORYZA_RUFIPOGON	Oryza rufipogon	Figshare	PRJEB73710	annotation.W1859.gff	GFF	Genome annotation associated with rice pangenome assembly
ANN_W1865_PRJEB73710	W1865	ASM_W1865_PRJEB73710	W1865 genome annotation		ORYZA_RUFIPOGON	Oryza rufipogon	Figshare	PRJEB73710	annotation.W1865.gff	GFF	Genome annotation associated with rice pangenome assembly
ANN_W1880_PRJEB73710	W1880	ASM_W1880_PRJEB73710	W1880 genome annotation		ORYZA_RUFIPOGON	Oryza rufipogon	Figshare	PRJEB73710	annotation.W1880.gff	GFF	Genome annotation associated with rice pangenome assembly
ANN_W1890_PRJEB73710	W1890	ASM_W1890_PRJEB73710	W1890 genome annotation		ORYZA_RUFIPOGON	Oryza rufipogon	Figshare	PRJEB73710	annotation.W1890.gff	GFF	Genome annotation associated with rice pangenome assembly
ANN_W1895_PRJEB73710	W1895	ASM_W1895_PRJEB73710	W1895 genome annotation		ORYZA_RUFIPOGON	Oryza rufipogon	Figshare	PRJEB73710	annotation.W1895.gff	GFF	Genome annotation associated with rice pangenome assembly
ANN_W1919_PRJEB73710	W1919	ASM_W1919_PRJEB73710	W1919 genome annotation		ORYZA_RUFIPOGON	Oryza rufipogon	Figshare	PRJEB73710	annotation.W1919.gff	GFF	Genome annotation associated with rice pangenome assembly
ANN_W1943_PRJEB73710	W1943	ASM_W1943_PRJEB73710	W1943 genome annotation		ORYZA_RUFIPOGON	Oryza rufipogon	Figshare	PRJEB73710	annotation.W1943.gff	GFF	Genome annotation associated with rice pangenome assembly
ANN_W1970_PRJEB73710	W1970	ASM_W1970_PRJEB73710	W1970 genome annotation		ORYZA_RUFIPOGON	Oryza rufipogon	Figshare	PRJEB73710	annotation.W1970.gff	GFF	Genome annotation associated with rice pangenome assembly
ANN_W1976_PRJEB73710	W1976	ASM_W1976_PRJEB73710	W1976 genome annotation		ORYZA_RUFIPOGON	Oryza rufipogon	Figshare	PRJEB73710	annotation.W1976.gff	GFF	Genome annotation associated with rice pangenome assembly
ANN_W2005_PRJEB73710	W2005	ASM_W2005_PRJEB73710	W2005 genome annotation		ORYZA_RUFIPOGON	Oryza rufipogon	Figshare	PRJEB73710	annotation.W2005.gff	GFF	Genome annotation associated with rice pangenome assembly
ANN_W2022_PRJEB73710	W2022	ASM_W2022_PRJEB73710	W2022 genome annotation		ORYZA_RUFIPOGON	Oryza rufipogon	Figshare	PRJEB73710	annotation.W2022.gff	GFF	Genome annotation associated with rice pangenome assembly
ANN_W2036_PRJEB73710	W2036	ASM_W2036_PRJEB73710	W2036 genome annotation		ORYZA_RUFIPOGON	Oryza rufipogon	Figshare	PRJEB73710	annotation.W2036.gff	GFF	Genome annotation associated with rice pangenome assembly
ANN_W2051_PRJEB73710	W2051	ASM_W2051_PRJEB73710	W2051 genome annotation		ORYZA_RUFIPOGON	Oryza rufipogon	Figshare	PRJEB73710	annotation.W2051.gff	GFF	Genome annotation associated with rice pangenome assembly
ANN_W2053_PRJEB73710	W2053	ASM_W2053_PRJEB73710	W2053 genome annotation		ORYZA_RUFIPOGON	Oryza rufipogon	Figshare	PRJEB73710	annotation.W2053.gff	GFF	Genome annotation associated with rice pangenome assembly
ANN_W2064_PRJEB73710	W2064	ASM_W2064_PRJEB73710	W2064 genome annotation		ORYZA_RUFIPOGON	Oryza rufipogon	Figshare	PRJEB73710	annotation.W2064.gff	GFF	Genome annotation associated with rice pangenome assembly
ANN_W2066_PRJEB73710	W2066	ASM_W2066_PRJEB73710	W2066 genome annotation		ORYZA_RUFIPOGON	Oryza rufipogon	Figshare	PRJEB73710	annotation.W2066.gff	GFF	Genome annotation associated with rice pangenome assembly
ANN_W2099_PRJEB73710	W2099	ASM_W2099_PRJEB73710	W2099 genome annotation		ORYZA_RUFIPOGON	Oryza rufipogon	Figshare	PRJEB73710	annotation.W2099.gff	GFF	Genome annotation associated with rice pangenome assembly
ANN_W2108_PRJEB73710	W2108	ASM_W2108_PRJEB73710	W2108 genome annotation		ORYZA_RUFIPOGON	Oryza rufipogon	Figshare	PRJEB73710	annotation.W2108.gff	GFF	Genome annotation associated with rice pangenome assembly
ANN_W2197_PRJEB73710	W2197	ASM_W2197_PRJEB73710	W2197 genome annotation		ORYZA_RUFIPOGON	Oryza rufipogon	Figshare	PRJEB73710	annotation.W2197.gff	GFF	Genome annotation associated with rice pangenome assembly
ANN_W2267_PRJEB73710	W2267	ASM_W2267_PRJEB73710	W2267 genome annotation		ORYZA_RUFIPOGON	Oryza rufipogon	Figshare	PRJEB73710	annotation.W2267.gff	GFF	Genome annotation associated with rice pangenome assembly
ANN_W2275_PRJEB73710	W2275	ASM_W2275_PRJEB73710	W2275 genome annotation		ORYZA_RUFIPOGON	Oryza rufipogon	Figshare	PRJEB73710	annotation.W2275.gff	GFF	Genome annotation associated with rice pangenome assembly
ANN_W2283_PRJEB73710	W2283	ASM_W2283_PRJEB73710	W2283 genome annotation		ORYZA_RUFIPOGON	Oryza rufipogon	Figshare	PRJEB73710	annotation.W2283.gff	GFF	Genome annotation associated with rice pangenome assembly
ANN_W2305_PRJEB73710	W2305	ASM_W2305_PRJEB73710	W2305 genome annotation		ORYZA_RUFIPOGON	Oryza rufipogon	Figshare	PRJEB73710	annotation.W2305.gff	GFF	Genome annotation associated with rice pangenome assembly
ANN_W2308_PRJEB73710	W2308	ASM_W2308_PRJEB73710	W2308 genome annotation		ORYZA_RUFIPOGON	Oryza rufipogon	Figshare	PRJEB73710	annotation.W2308.gff	GFF	Genome annotation associated with rice pangenome assembly
ANN_W2310_PRJEB73710	W2310	ASM_W2310_PRJEB73710	W2310 genome annotation		ORYZA_RUFIPOGON	Oryza rufipogon	Figshare	PRJEB73710	annotation.W2310.gff	GFF	Genome annotation associated with rice pangenome assembly
ANN_W2311_PRJEB73710	W2311	ASM_W2311_PRJEB73710	W2311 genome annotation		ORYZA_RUFIPOGON	Oryza rufipogon	Figshare	PRJEB73710	annotation.W2311.gff	GFF	Genome annotation associated with rice pangenome assembly
ANN_W2318_PRJEB73710	W2318	ASM_W2318_PRJEB73710	W2318 genome annotation		ORYZA_RUFIPOGON	Oryza rufipogon	Figshare	PRJEB73710	annotation.W2318.gff	GFF	Genome annotation associated with rice pangenome assembly
ANN_W2319_PRJEB73710	W2319	ASM_W2319_PRJEB73710	W2319 genome annotation		ORYZA_RUFIPOGON	Oryza rufipogon	Figshare	PRJEB73710	annotation.W2319.gff	GFF	Genome annotation associated with rice pangenome assembly
ANN_W2320_PRJEB73710	W2320	ASM_W2320_PRJEB73710	W2320 genome annotation		ORYZA_RUFIPOGON	Oryza rufipogon	Figshare	PRJEB73710	annotation.W2320.gff	GFF	Genome annotation associated with rice pangenome assembly
ANN_W2321_PRJEB73710	W2321	ASM_W2321_PRJEB73710	W2321 genome annotation		ORYZA_RUFIPOGON	Oryza rufipogon	Figshare	PRJEB73710	annotation.W2321.gff	GFF	Genome annotation associated with rice pangenome assembly
ANN_W2332_PRJEB73710	W2332	ASM_W2332_PRJEB73710	W2332 genome annotation		ORYZA_RUFIPOGON	Oryza rufipogon	Figshare	PRJEB73710	annotation.W2332.gff	GFF	Genome annotation associated with rice pangenome assembly
ANN_W3000_PRJEB73710	W3000	ASM_W3000_PRJEB73710	W3000 genome annotation		ORYZA_RUFIPOGON	Oryza rufipogon	Figshare	PRJEB73710	annotation.W3000.gff	GFF	Genome annotation associated with rice pangenome assembly
ANN_W3007_PRJEB73710	W3007	ASM_W3007_PRJEB73710	W3007 genome annotation		ORYZA_RUFIPOGON	Oryza rufipogon	Figshare	PRJEB73710	annotation.W3007.gff	GFF	Genome annotation associated with rice pangenome assembly
ANN_W3009_PRJEB73710	W3009	ASM_W3009_PRJEB73710	W3009 genome annotation		ORYZA_RUFIPOGON	Oryza rufipogon	Figshare	PRJEB73710	annotation.W3009.gff	GFF	Genome annotation associated with rice pangenome assembly
ANN_W3012_PRJEB73710	W3012	ASM_W3012_PRJEB73710	W3012 genome annotation		ORYZA_RUFIPOGON	Oryza rufipogon	Figshare	PRJEB73710	annotation.W3012.gff	GFF	Genome annotation associated with rice pangenome assembly
ANN_W3029_PRJEB73710	W3029	ASM_W3029_PRJEB73710	W3029 genome annotation		ORYZA_RUFIPOGON	Oryza rufipogon	Figshare	PRJEB73710	annotation.W3029.gff	GFF	Genome annotation associated with rice pangenome assembly
ANN_W3033_PRJEB73710	W3033	ASM_W3033_PRJEB73710	W3033 genome annotation		ORYZA_RUFIPOGON	Oryza rufipogon	Figshare	PRJEB73710	annotation.W3033.gff	GFF	Genome annotation associated with rice pangenome assembly
ANN_W3035_PRJEB73710	W3035	ASM_W3035_PRJEB73710	W3035 genome annotation		ORYZA_RUFIPOGON	Oryza rufipogon	Figshare	PRJEB73710	annotation.W3035.gff	GFF	Genome annotation associated with rice pangenome assembly
ANN_W3037_PRJEB73710	W3037	ASM_W3037_PRJEB73710	W3037 genome annotation		ORYZA_RUFIPOGON	Oryza rufipogon	Figshare	PRJEB73710	annotation.W3037.gff	GFF	Genome annotation associated with rice pangenome assembly
ANN_W3038_PRJEB73710	W3038	ASM_W3038_PRJEB73710	W3038 genome annotation		ORYZA_RUFIPOGON	Oryza rufipogon	Figshare	PRJEB73710	annotation.W3038.gff	GFF	Genome annotation associated with rice pangenome assembly
ANN_W3040_PRJEB73710	W3040	ASM_W3040_PRJEB73710	W3040 genome annotation		ORYZA_RUFIPOGON	Oryza rufipogon	Figshare	PRJEB73710	annotation.W3040.gff	GFF	Genome annotation associated with rice pangenome assembly
ANN_W3046_PRJEB73710	W3046	ASM_W3046_PRJEB73710	W3046 genome annotation		ORYZA_RUFIPOGON	Oryza rufipogon	Figshare	PRJEB73710	annotation.W3046.gff	GFF	Genome annotation associated with rice pangenome assembly
ANN_W3047_PRJEB73710	W3047	ASM_W3047_PRJEB73710	W3047 genome annotation		ORYZA_RUFIPOGON	Oryza rufipogon	Figshare	PRJEB73710	annotation.W3047.gff	GFF	Genome annotation associated with rice pangenome assembly
ANN_W3051_PRJEB73710	W3051	ASM_W3051_PRJEB73710	W3051 genome annotation		ORYZA_RUFIPOGON	Oryza rufipogon	Figshare	PRJEB73710	annotation.W3051.gff	GFF	Genome annotation associated with rice pangenome assembly
ANN_W3052_PRJEB73710	W3052	ASM_W3052_PRJEB73710	W3052 genome annotation		ORYZA_RUFIPOGON	Oryza rufipogon	Figshare	PRJEB73710	annotation.W3052.gff	GFF	Genome annotation associated with rice pangenome assembly
ANN_W3054_PRJEB73710	W3054	ASM_W3054_PRJEB73710	W3054 genome annotation		ORYZA_RUFIPOGON	Oryza rufipogon	Figshare	PRJEB73710	annotation.W3054.gff	GFF	Genome annotation associated with rice pangenome assembly
ANN_W3055_PRJEB73710	W3055	ASM_W3055_PRJEB73710	W3055 genome annotation		ORYZA_RUFIPOGON	Oryza rufipogon	Figshare	PRJEB73710	annotation.W3055.gff	GFF	Genome annotation associated with rice pangenome assembly
ANN_W3063_PRJEB73710	W3063	ASM_W3063_PRJEB73710	W3063 genome annotation		ORYZA_RUFIPOGON	Oryza rufipogon	Figshare	PRJEB73710	annotation.W3063.gff	GFF	Genome annotation associated with rice pangenome assembly
ANN_W3066_PRJEB73710	W3066	ASM_W3066_PRJEB73710	W3066 genome annotation		ORYZA_RUFIPOGON	Oryza rufipogon	Figshare	PRJEB73710	annotation.W3066.gff	GFF	Genome annotation associated with rice pangenome assembly
ANN_W3071_PRJEB73710	W3071	ASM_W3071_PRJEB73710	W3071 genome annotation		ORYZA_RUFIPOGON	Oryza rufipogon	Figshare	PRJEB73710	annotation.W3071.gff	GFF	Genome annotation associated with rice pangenome assembly
ANN_W3074_PRJEB73710	W3074	ASM_W3074_PRJEB73710	W3074 genome annotation		ORYZA_RUFIPOGON	Oryza rufipogon	Figshare	PRJEB73710	annotation.W3074.gff	GFF	Genome annotation associated with rice pangenome assembly
ANN_W3082_PRJEB73710	W3082	ASM_W3082_PRJEB73710	W3082 genome annotation		ORYZA_RUFIPOGON	Oryza rufipogon	Figshare	PRJEB73710	annotation.W3082.gff	GFF	Genome annotation associated with rice pangenome assembly
ANN_W3086_PRJEB73710	W3086	ASM_W3086_PRJEB73710	W3086 genome annotation		ORYZA_RUFIPOGON	Oryza rufipogon	Figshare	PRJEB73710	annotation.W3086.gff	GFF	Genome annotation associated with rice pangenome assembly
ANN_W3088_PRJEB73710	W3088	ASM_W3088_PRJEB73710	W3088 genome annotation		ORYZA_RUFIPOGON	Oryza rufipogon	Figshare	PRJEB73710	annotation.W3088.gff	GFF	Genome annotation associated with rice pangenome assembly
ANN_W3090_PRJEB73710	W3090	ASM_W3090_PRJEB73710	W3090 genome annotation		ORYZA_RUFIPOGON	Oryza rufipogon	Figshare	PRJEB73710	annotation.W3090.gff	GFF	Genome annotation associated with rice pangenome assembly
ANN_W3092_PRJEB73710	W3092	ASM_W3092_PRJEB73710	W3092 genome annotation		ORYZA_RUFIPOGON	Oryza rufipogon	Figshare	PRJEB73710	annotation.W3092.gff	GFF	Genome annotation associated with rice pangenome assembly
ANN_W3096_PRJEB73710	W3096	ASM_W3096_PRJEB73710	W3096 genome annotation		ORYZA_RUFIPOGON	Oryza rufipogon	Figshare	PRJEB73710	annotation.W3096.gff	GFF	Genome annotation associated with rice pangenome assembly
