assembly_code	accession	assembly_accession	assembly_name	species_code	scientific_name	assembly_level	reference	source_database	external_project	file_name	file_type	description
ASM_W0103_PRJEB73710	W0103		W0103 genome assembly	ORYZA_RUFIPOGON	Oryza rufipogon	chromosome	Nipponbare (日本晴)	Figshare	PRJEB73710	genome.W0103.fasta	FASTA	Wild and cultivated rice pangenome genome assembly
ASM_W0107_PRJEB73710	W0107		W0107 genome assembly	ORYZA_RUFIPOGON	Oryza rufipogon	chromosome	Nipponbare (日本晴)	Figshare	PRJEB73710	genome.W0107.fasta	FASTA	Wild and cultivated rice pangenome genome assembly
ASM_W0108_PRJEB73710	W0108		W0108 genome assembly	ORYZA_RUFIPOGON	Oryza rufipogon	chromosome	Nipponbare (日本晴)	Figshare	PRJEB73710	genome.W0108.fasta	FASTA	Wild and cultivated rice pangenome genome assembly
ASM_W0133_PRJEB73710	W0133		W0133 genome assembly	ORYZA_RUFIPOGON	Oryza rufipogon	chromosome	Nipponbare (日本晴)	Figshare	PRJEB73710	genome.W0133.fasta	FASTA	Wild and cultivated rice pangenome genome assembly
ASM_W0135_PRJEB73710	W0135		W0135 genome assembly	ORYZA_RUFIPOGON	Oryza rufipogon	chromosome	Nipponbare (日本晴)	Figshare	PRJEB73710	genome.W0135.fasta	FASTA	Wild and cultivated rice pangenome genome assembly
ASM_W0136_PRJEB73710	W0136		W0136 genome assembly	ORYZA_RUFIPOGON	Oryza rufipogon	chromosome	Nipponbare (日本晴)	Figshare	PRJEB73710	genome.W0136.fasta	FASTA	Wild and cultivated rice pangenome genome assembly
ASM_W0137_PRJEB73710	W0137		W0137 genome assembly	ORYZA_RUFIPOGON	Oryza rufipogon	chromosome	Nipponbare (日本晴)	Figshare	PRJEB73710	genome.W0137.fasta	FASTA	Wild and cultivated rice pangenome genome assembly
ASM_W0143_PRJEB73710	W0143		W0143 genome assembly	ORYZA_RUFIPOGON	Oryza rufipogon	chromosome	Nipponbare (日本晴)	Figshare	PRJEB73710	genome.W0143.fasta	FASTA	Wild and cultivated rice pangenome genome assembly
ASM_W0145_PRJEB73710	W0145		W0145 genome assembly	ORYZA_RUFIPOGON	Oryza rufipogon	chromosome	Nipponbare (日本晴)	Figshare	PRJEB73710	genome.W0145.fasta	FASTA	Wild and cultivated rice pangenome genome assembly
ASM_W0147_PRJEB73710	W0147		W0147 genome assembly	ORYZA_RUFIPOGON	Oryza rufipogon	chromosome	Nipponbare (日本晴)	Figshare	PRJEB73710	genome.W0147.fasta	FASTA	Wild and cultivated rice pangenome genome assembly
ASM_W0149_PRJEB73710	W0149		W0149 genome assembly	ORYZA_RUFIPOGON	Oryza rufipogon	chromosome	Nipponbare (日本晴)	Figshare	PRJEB73710	genome.W0149.fasta	FASTA	Wild and cultivated rice pangenome genome assembly
ASM_W0157_PRJEB73710	W0157		W0157 genome assembly	ORYZA_RUFIPOGON	Oryza rufipogon	chromosome	Nipponbare (日本晴)	Figshare	PRJEB73710	genome.W0157.fasta	FASTA	Wild and cultivated rice pangenome genome assembly
ASM_W0164_PRJEB73710	W0164		W0164 genome assembly	ORYZA_RUFIPOGON	Oryza rufipogon	chromosome	Nipponbare (日本晴)	Figshare	PRJEB73710	genome.W0164.fasta	FASTA	Wild and cultivated rice pangenome genome assembly
ASM_W0166_PRJEB73710	W0166		W0166 genome assembly	ORYZA_RUFIPOGON	Oryza rufipogon	chromosome	Nipponbare (日本晴)	Figshare	PRJEB73710	genome.W0166.fasta	FASTA	Wild and cultivated rice pangenome genome assembly
ASM_W0169_PRJEB73710	W0169		W0169 genome assembly	ORYZA_RUFIPOGON	Oryza rufipogon	chromosome	Nipponbare (日本晴)	Figshare	PRJEB73710	genome.W0169.fasta	FASTA	Wild and cultivated rice pangenome genome assembly
ASM_W0171_PRJEB73710	W0171		W0171 genome assembly	ORYZA_RUFIPOGON	Oryza rufipogon	chromosome	Nipponbare (日本晴)	Figshare	PRJEB73710	genome.W0171.fasta	FASTA	Wild and cultivated rice pangenome genome assembly
ASM_W0179_PRJEB73710	W0179		W0179 genome assembly	ORYZA_RUFIPOGON	Oryza rufipogon	chromosome	Nipponbare (日本晴)	Figshare	PRJEB73710	genome.W0179.fasta	FASTA	Wild and cultivated rice pangenome genome assembly
ASM_W0180_PRJEB73710	W0180		W0180 genome assembly	ORYZA_RUFIPOGON	Oryza rufipogon	chromosome	Nipponbare (日本晴)	Figshare	PRJEB73710	genome.W0180.fasta	FASTA	Wild and cultivated rice pangenome genome assembly
ASM_W0234_PRJEB73710	W0234		W0234 genome assembly	ORYZA_RUFIPOGON	Oryza rufipogon	chromosome	Nipponbare (日本晴)	Figshare	PRJEB73710	genome.W0234.fasta	FASTA	Wild and cultivated rice pangenome genome assembly
ASM_W0573_PRJEB73710	W0573		W0573 genome assembly	ORYZA_RUFIPOGON	Oryza rufipogon	chromosome	Nipponbare (日本晴)	Figshare	PRJEB73710	genome.W0573.fasta	FASTA	Wild and cultivated rice pangenome genome assembly
ASM_W0590_PRJEB73710	W0590		W0590 genome assembly	ORYZA_RUFIPOGON	Oryza rufipogon	chromosome	Nipponbare (日本晴)	Figshare	PRJEB73710	genome.W0590.fasta	FASTA	Wild and cultivated rice pangenome genome assembly
ASM_W0594_PRJEB73710	W0594		W0594 genome assembly	ORYZA_RUFIPOGON	Oryza rufipogon	chromosome	Nipponbare (日本晴)	Figshare	PRJEB73710	genome.W0594.fasta	FASTA	Wild and cultivated rice pangenome genome assembly
ASM_W0596_PRJEB73710	W0596		W0596 genome assembly	ORYZA_RUFIPOGON	Oryza rufipogon	chromosome	Nipponbare (日本晴)	Figshare	PRJEB73710	genome.W0596.fasta	FASTA	Wild and cultivated rice pangenome genome assembly
ASM_W0600_PRJEB73710	W0600		W0600 genome assembly	ORYZA_RUFIPOGON	Oryza rufipogon	chromosome	Nipponbare (日本晴)	Figshare	PRJEB73710	genome.W0600.fasta	FASTA	Wild and cultivated rice pangenome genome assembly
ASM_W0627_PRJEB73710	W0627		W0627 genome assembly	ORYZA_RUFIPOGON	Oryza rufipogon	chromosome	Nipponbare (日本晴)	Figshare	PRJEB73710	genome.W0627.fasta	FASTA	Wild and cultivated rice pangenome genome assembly
ASM_W0630_PRJEB73710	W0630		W0630 genome assembly	ORYZA_RUFIPOGON	Oryza rufipogon	chromosome	Nipponbare (日本晴)	Figshare	PRJEB73710	genome.W0630.fasta	FASTA	Wild and cultivated rice pangenome genome assembly
ASM_W0632_PRJEB73710	W0632		W0632 genome assembly	ORYZA_RUFIPOGON	Oryza rufipogon	chromosome	Nipponbare (日本晴)	Figshare	PRJEB73710	genome.W0632.fasta	FASTA	Wild and cultivated rice pangenome genome assembly
ASM_W0634_PRJEB73710	W0634		W0634 genome assembly	ORYZA_RUFIPOGON	Oryza rufipogon	chromosome	Nipponbare (日本晴)	Figshare	PRJEB73710	genome.W0634.fasta	FASTA	Wild and cultivated rice pangenome genome assembly
ASM_W0639_PRJEB73710	W0639		W0639 genome assembly	ORYZA_RUFIPOGON	Oryza rufipogon	chromosome	Nipponbare (日本晴)	Figshare	PRJEB73710	genome.W0639.fasta	FASTA	Wild and cultivated rice pangenome genome assembly
ASM_W1080_PRJEB73710	W1080		W1080 genome assembly	ORYZA_RUFIPOGON	Oryza rufipogon	chromosome	Nipponbare (日本晴)	Figshare	PRJEB73710	genome.W1080.fasta	FASTA	Wild and cultivated rice pangenome genome assembly
ASM_W1084_PRJEB73710	W1084		W1084 genome assembly	ORYZA_RUFIPOGON	Oryza rufipogon	chromosome	Nipponbare (日本晴)	Figshare	PRJEB73710	genome.W1084.fasta	FASTA	Wild and cultivated rice pangenome genome assembly
ASM_W1093_PRJEB73710	W1093		W1093 genome assembly	ORYZA_RUFIPOGON	Oryza rufipogon	chromosome	Nipponbare (日本晴)	Figshare	PRJEB73710	genome.W1093.fasta	FASTA	Wild and cultivated rice pangenome genome assembly
ASM_W1107_PRJEB73710	W1107		W1107 genome assembly	ORYZA_RUFIPOGON	Oryza rufipogon	chromosome	Nipponbare (日本晴)	Figshare	PRJEB73710	genome.W1107.fasta	FASTA	Wild and cultivated rice pangenome genome assembly
ASM_W1117_PRJEB73710	W1117		W1117 genome assembly	ORYZA_RUFIPOGON	Oryza rufipogon	chromosome	Nipponbare (日本晴)	Figshare	PRJEB73710	genome.W1117.fasta	FASTA	Wild and cultivated rice pangenome genome assembly
ASM_W1126_PRJEB73710	W1126		W1126 genome assembly	ORYZA_RUFIPOGON	Oryza rufipogon	chromosome	Nipponbare (日本晴)	Figshare	PRJEB73710	genome.W1126.fasta	FASTA	Wild and cultivated rice pangenome genome assembly
ASM_W1142_PRJEB73710	W1142		W1142 genome assembly	ORYZA_RUFIPOGON	Oryza rufipogon	chromosome	Nipponbare (日本晴)	Figshare	PRJEB73710	genome.W1142.fasta	FASTA	Wild and cultivated rice pangenome genome assembly
ASM_W1214_PRJEB73710	W1214		W1214 genome assembly	ORYZA_RUFIPOGON	Oryza rufipogon	chromosome	Nipponbare (日本晴)	Figshare	PRJEB73710	genome.W1214.fasta	FASTA	Wild and cultivated rice pangenome genome assembly
ASM_W1236_PRJEB73710	W1236		W1236 genome assembly	ORYZA_RUFIPOGON	Oryza rufipogon	chromosome	Nipponbare (日本晴)	Figshare	PRJEB73710	genome.W1236.fasta	FASTA	Wild and cultivated rice pangenome genome assembly
ASM_W1292_PRJEB73710	W1292		W1292 genome assembly	ORYZA_RUFIPOGON	Oryza rufipogon	chromosome	Nipponbare (日本晴)	Figshare	PRJEB73710	genome.W1292.fasta	FASTA	Wild and cultivated rice pangenome genome assembly
ASM_W1536_PRJEB73710	W1536		W1536 genome assembly	ORYZA_RUFIPOGON	Oryza rufipogon	chromosome	Nipponbare (日本晴)	Figshare	PRJEB73710	genome.W1536.fasta	FASTA	Wild and cultivated rice pangenome genome assembly
ASM_W1547_PRJEB73710	W1547		W1547 genome assembly	ORYZA_RUFIPOGON	Oryza rufipogon	chromosome	Nipponbare (日本晴)	Figshare	PRJEB73710	genome.W1547.fasta	FASTA	Wild and cultivated rice pangenome genome assembly
ASM_W1550_PRJEB73710	W1550		W1550 genome assembly	ORYZA_RUFIPOGON	Oryza rufipogon	chromosome	Nipponbare (日本晴)	Figshare	PRJEB73710	genome.W1550.fasta	FASTA	Wild and cultivated rice pangenome genome assembly
ASM_W1552_PRJEB73710	W1552		W1552 genome assembly	ORYZA_RUFIPOGON	Oryza rufipogon	chromosome	Nipponbare (日本晴)	Figshare	PRJEB73710	genome.W1552.fasta	FASTA	Wild and cultivated rice pangenome genome assembly
ASM_W1553_PRJEB73710	W1553		W1553 genome assembly	ORYZA_RUFIPOGON	Oryza rufipogon	chromosome	Nipponbare (日本晴)	Figshare	PRJEB73710	genome.W1553.fasta	FASTA	Wild and cultivated rice pangenome genome assembly
ASM_W1556_PRJEB73710	W1556		W1556 genome assembly	ORYZA_RUFIPOGON	Oryza rufipogon	chromosome	Nipponbare (日本晴)	Figshare	PRJEB73710	genome.W1556.fasta	FASTA	Wild and cultivated rice pangenome genome assembly
ASM_W1557_PRJEB73710	W1557		W1557 genome assembly	ORYZA_RUFIPOGON	Oryza rufipogon	chromosome	Nipponbare (日本晴)	Figshare	PRJEB73710	genome.W1557.fasta	FASTA	Wild and cultivated rice pangenome genome assembly
ASM_W1559_PRJEB73710	W1559		W1559 genome assembly	ORYZA_RUFIPOGON	Oryza rufipogon	chromosome	Nipponbare (日本晴)	Figshare	PRJEB73710	genome.W1559.fasta	FASTA	Wild and cultivated rice pangenome genome assembly
ASM_W1619_PRJEB73710	W1619		W1619 genome assembly	ORYZA_RUFIPOGON	Oryza rufipogon	chromosome	Nipponbare (日本晴)	Figshare	PRJEB73710	genome.W1619.fasta	FASTA	Wild and cultivated rice pangenome genome assembly
ASM_W1666_PRJEB73710	W1666		W1666 genome assembly	ORYZA_RUFIPOGON	Oryza rufipogon	chromosome	Nipponbare (日本晴)	Figshare	PRJEB73710	genome.W1666.fasta	FASTA	Wild and cultivated rice pangenome genome assembly
ASM_W1668_PRJEB73710	W1668		W1668 genome assembly	ORYZA_RUFIPOGON	Oryza rufipogon	chromosome	Nipponbare (日本晴)	Figshare	PRJEB73710	genome.W1668.fasta	FASTA	Wild and cultivated rice pangenome genome assembly
ASM_W1677_PRJEB73710	W1677		W1677 genome assembly	ORYZA_RUFIPOGON	Oryza rufipogon	chromosome	Nipponbare (日本晴)	Figshare	PRJEB73710	genome.W1677.fasta	FASTA	Wild and cultivated rice pangenome genome assembly
ASM_W1679_PRJEB73710	W1679		W1679 genome assembly	ORYZA_RUFIPOGON	Oryza rufipogon	chromosome	Nipponbare (日本晴)	Figshare	PRJEB73710	genome.W1679.fasta	FASTA	Wild and cultivated rice pangenome genome assembly
ASM_W1718_PRJEB73710	W1718		W1718 genome assembly	ORYZA_RUFIPOGON	Oryza rufipogon	chromosome	Nipponbare (日本晴)	Figshare	PRJEB73710	genome.W1718.fasta	FASTA	Wild and cultivated rice pangenome genome assembly
ASM_W1719_PRJEB73710	W1719		W1719 genome assembly	ORYZA_RUFIPOGON	Oryza rufipogon	chromosome	Nipponbare (日本晴)	Figshare	PRJEB73710	genome.W1719.fasta	FASTA	Wild and cultivated rice pangenome genome assembly
ASM_W1723_PRJEB73710	W1723		W1723 genome assembly	ORYZA_RUFIPOGON	Oryza rufipogon	chromosome	Nipponbare (日本晴)	Figshare	PRJEB73710	genome.W1723.fasta	FASTA	Wild and cultivated rice pangenome genome assembly
ASM_W1725_PRJEB73710	W1725		W1725 genome assembly	ORYZA_RUFIPOGON	Oryza rufipogon	chromosome	Nipponbare (日本晴)	Figshare	PRJEB73710	genome.W1725.fasta	FASTA	Wild and cultivated rice pangenome genome assembly
ASM_W1726_PRJEB73710	W1726		W1726 genome assembly	ORYZA_RUFIPOGON	Oryza rufipogon	chromosome	Nipponbare (日本晴)	Figshare	PRJEB73710	genome.W1726.fasta	FASTA	Wild and cultivated rice pangenome genome assembly
ASM_W1731_PRJEB73710	W1731		W1731 genome assembly	ORYZA_RUFIPOGON	Oryza rufipogon	chromosome	Nipponbare (日本晴)	Figshare	PRJEB73710	genome.W1731.fasta	FASTA	Wild and cultivated rice pangenome genome assembly
ASM_W1732_PRJEB73710	W1732		W1732 genome assembly	ORYZA_RUFIPOGON	Oryza rufipogon	chromosome	Nipponbare (日本晴)	Figshare	PRJEB73710	genome.W1732.fasta	FASTA	Wild and cultivated rice pangenome genome assembly
ASM_W1735_PRJEB73710	W1735		W1735 genome assembly	ORYZA_RUFIPOGON	Oryza rufipogon	chromosome	Nipponbare (日本晴)	Figshare	PRJEB73710	genome.W1735.fasta	FASTA	Wild and cultivated rice pangenome genome assembly
ASM_W1736_PRJEB73710	W1736		W1736 genome assembly	ORYZA_RUFIPOGON	Oryza rufipogon	chromosome	Nipponbare (日本晴)	Figshare	PRJEB73710	genome.W1736.fasta	FASTA	Wild and cultivated rice pangenome genome assembly
ASM_W1737_PRJEB73710	W1737		W1737 genome assembly	ORYZA_RUFIPOGON	Oryza rufipogon	chromosome	Nipponbare (日本晴)	Figshare	PRJEB73710	genome.W1737.fasta	FASTA	Wild and cultivated rice pangenome genome assembly
ASM_W1742_PRJEB73710	W1742		W1742 genome assembly	ORYZA_RUFIPOGON	Oryza rufipogon	chromosome	Nipponbare (日本晴)	Figshare	PRJEB73710	genome.W1742.fasta	FASTA	Wild and cultivated rice pangenome genome assembly
ASM_W1748_PRJEB73710	W1748		W1748 genome assembly	ORYZA_RUFIPOGON	Oryza rufipogon	chromosome	Nipponbare (日本晴)	Figshare	PRJEB73710	genome.W1748.fasta	FASTA	Wild and cultivated rice pangenome genome assembly
ASM_W1750_PRJEB73710	W1750		W1750 genome assembly	ORYZA_RUFIPOGON	Oryza rufipogon	chromosome	Nipponbare (日本晴)	Figshare	PRJEB73710	genome.W1750.fasta	FASTA	Wild and cultivated rice pangenome genome assembly
ASM_W1777_PRJEB73710	W1777		W1777 genome assembly	ORYZA_RUFIPOGON	Oryza rufipogon	chromosome	Nipponbare (日本晴)	Figshare	PRJEB73710	genome.W1777.fasta	FASTA	Wild and cultivated rice pangenome genome assembly
ASM_W1783_PRJEB73710	W1783		W1783 genome assembly	ORYZA_RUFIPOGON	Oryza rufipogon	chromosome	Nipponbare (日本晴)	Figshare	PRJEB73710	genome.W1783.fasta	FASTA	Wild and cultivated rice pangenome genome assembly
ASM_W1787_PRJEB73710	W1787		W1787 genome assembly	ORYZA_RUFIPOGON	Oryza rufipogon	chromosome	Nipponbare (日本晴)	Figshare	PRJEB73710	genome.W1787.fasta	FASTA	Wild and cultivated rice pangenome genome assembly
ASM_W1809_PRJEB73710	W1809		W1809 genome assembly	ORYZA_RUFIPOGON	Oryza rufipogon	chromosome	Nipponbare (日本晴)	Figshare	PRJEB73710	genome.W1809.fasta	FASTA	Wild and cultivated rice pangenome genome assembly
ASM_W1810_PRJEB73710	W1810		W1810 genome assembly	ORYZA_RUFIPOGON	Oryza rufipogon	chromosome	Nipponbare (日本晴)	Figshare	PRJEB73710	genome.W1810.fasta	FASTA	Wild and cultivated rice pangenome genome assembly
ASM_W1825_PRJEB73710	W1825		W1825 genome assembly	ORYZA_RUFIPOGON	Oryza rufipogon	chromosome	Nipponbare (日本晴)	Figshare	PRJEB73710	genome.W1825.fasta	FASTA	Wild and cultivated rice pangenome genome assembly
ASM_W1839_PRJEB73710	W1839		W1839 genome assembly	ORYZA_RUFIPOGON	Oryza rufipogon	chromosome	Nipponbare (日本晴)	Figshare	PRJEB73710	genome.W1839.fasta	FASTA	Wild and cultivated rice pangenome genome assembly
ASM_W1859_PRJEB73710	W1859		W1859 genome assembly	ORYZA_RUFIPOGON	Oryza rufipogon	chromosome	Nipponbare (日本晴)	Figshare	PRJEB73710	genome.W1859.fasta	FASTA	Wild and cultivated rice pangenome genome assembly
ASM_W1865_PRJEB73710	W1865		W1865 genome assembly	ORYZA_RUFIPOGON	Oryza rufipogon	chromosome	Nipponbare (日本晴)	Figshare	PRJEB73710	genome.W1865.fasta	FASTA	Wild and cultivated rice pangenome genome assembly
ASM_W1880_PRJEB73710	W1880		W1880 genome assembly	ORYZA_RUFIPOGON	Oryza rufipogon	chromosome	Nipponbare (日本晴)	Figshare	PRJEB73710	genome.W1880.fasta	FASTA	Wild and cultivated rice pangenome genome assembly
ASM_W1890_PRJEB73710	W1890		W1890 genome assembly	ORYZA_RUFIPOGON	Oryza rufipogon	chromosome	Nipponbare (日本晴)	Figshare	PRJEB73710	genome.W1890.fasta	FASTA	Wild and cultivated rice pangenome genome assembly
ASM_W1895_PRJEB73710	W1895		W1895 genome assembly	ORYZA_RUFIPOGON	Oryza rufipogon	chromosome	Nipponbare (日本晴)	Figshare	PRJEB73710	genome.W1895.fasta	FASTA	Wild and cultivated rice pangenome genome assembly
ASM_W1919_PRJEB73710	W1919		W1919 genome assembly	ORYZA_RUFIPOGON	Oryza rufipogon	chromosome	Nipponbare (日本晴)	Figshare	PRJEB73710	genome.W1919.fasta	FASTA	Wild and cultivated rice pangenome genome assembly
ASM_W1943_PRJEB73710	W1943		W1943 genome assembly	ORYZA_RUFIPOGON	Oryza rufipogon	chromosome	Nipponbare (日本晴)	Figshare	PRJEB73710	genome.W1943.fasta	FASTA	Wild and cultivated rice pangenome genome assembly
ASM_W1970_PRJEB73710	W1970		W1970 genome assembly	ORYZA_RUFIPOGON	Oryza rufipogon	chromosome	Nipponbare (日本晴)	Figshare	PRJEB73710	genome.W1970.fasta	FASTA	Wild and cultivated rice pangenome genome assembly
ASM_W1976_PRJEB73710	W1976		W1976 genome assembly	ORYZA_RUFIPOGON	Oryza rufipogon	chromosome	Nipponbare (日本晴)	Figshare	PRJEB73710	genome.W1976.fasta	FASTA	Wild and cultivated rice pangenome genome assembly
ASM_W2005_PRJEB73710	W2005		W2005 genome assembly	ORYZA_RUFIPOGON	Oryza rufipogon	chromosome	Nipponbare (日本晴)	Figshare	PRJEB73710	genome.W2005.fasta	FASTA	Wild and cultivated rice pangenome genome assembly
ASM_W2022_PRJEB73710	W2022		W2022 genome assembly	ORYZA_RUFIPOGON	Oryza rufipogon	chromosome	Nipponbare (日本晴)	Figshare	PRJEB73710	genome.W2022.fasta	FASTA	Wild and cultivated rice pangenome genome assembly
ASM_W2036_PRJEB73710	W2036		W2036 genome assembly	ORYZA_RUFIPOGON	Oryza rufipogon	chromosome	Nipponbare (日本晴)	Figshare	PRJEB73710	genome.W2036.fasta	FASTA	Wild and cultivated rice pangenome genome assembly
ASM_W2051_PRJEB73710	W2051		W2051 genome assembly	ORYZA_RUFIPOGON	Oryza rufipogon	chromosome	Nipponbare (日本晴)	Figshare	PRJEB73710	genome.W2051.fasta	FASTA	Wild and cultivated rice pangenome genome assembly
ASM_W2053_PRJEB73710	W2053		W2053 genome assembly	ORYZA_RUFIPOGON	Oryza rufipogon	chromosome	Nipponbare (日本晴)	Figshare	PRJEB73710	genome.W2053.fasta	FASTA	Wild and cultivated rice pangenome genome assembly
ASM_W2064_PRJEB73710	W2064		W2064 genome assembly	ORYZA_RUFIPOGON	Oryza rufipogon	chromosome	Nipponbare (日本晴)	Figshare	PRJEB73710	genome.W2064.fasta	FASTA	Wild and cultivated rice pangenome genome assembly
ASM_W2066_PRJEB73710	W2066		W2066 genome assembly	ORYZA_RUFIPOGON	Oryza rufipogon	chromosome	Nipponbare (日本晴)	Figshare	PRJEB73710	genome.W2066.fasta	FASTA	Wild and cultivated rice pangenome genome assembly
ASM_W2099_PRJEB73710	W2099		W2099 genome assembly	ORYZA_RUFIPOGON	Oryza rufipogon	chromosome	Nipponbare (日本晴)	Figshare	PRJEB73710	genome.W2099.fasta	FASTA	Wild and cultivated rice pangenome genome assembly
ASM_W2108_PRJEB73710	W2108		W2108 genome assembly	ORYZA_RUFIPOGON	Oryza rufipogon	chromosome	Nipponbare (日本晴)	Figshare	PRJEB73710	genome.W2108.fasta	FASTA	Wild and cultivated rice pangenome genome assembly
ASM_W2197_PRJEB73710	W2197		W2197 genome assembly	ORYZA_RUFIPOGON	Oryza rufipogon	chromosome	Nipponbare (日本晴)	Figshare	PRJEB73710	genome.W2197.fasta	FASTA	Wild and cultivated rice pangenome genome assembly
ASM_W2267_PRJEB73710	W2267		W2267 genome assembly	ORYZA_RUFIPOGON	Oryza rufipogon	chromosome	Nipponbare (日本晴)	Figshare	PRJEB73710	genome.W2267.fasta	FASTA	Wild and cultivated rice pangenome genome assembly
ASM_W2275_PRJEB73710	W2275		W2275 genome assembly	ORYZA_RUFIPOGON	Oryza rufipogon	chromosome	Nipponbare (日本晴)	Figshare	PRJEB73710	genome.W2275.fasta	FASTA	Wild and cultivated rice pangenome genome assembly
ASM_W2283_PRJEB73710	W2283		W2283 genome assembly	ORYZA_RUFIPOGON	Oryza rufipogon	chromosome	Nipponbare (日本晴)	Figshare	PRJEB73710	genome.W2283.fasta	FASTA	Wild and cultivated rice pangenome genome assembly
ASM_W2305_PRJEB73710	W2305		W2305 genome assembly	ORYZA_RUFIPOGON	Oryza rufipogon	chromosome	Nipponbare (日本晴)	Figshare	PRJEB73710	genome.W2305.fasta	FASTA	Wild and cultivated rice pangenome genome assembly
ASM_W2308_PRJEB73710	W2308		W2308 genome assembly	ORYZA_RUFIPOGON	Oryza rufipogon	chromosome	Nipponbare (日本晴)	Figshare	PRJEB73710	genome.W2308.fasta	FASTA	Wild and cultivated rice pangenome genome assembly
ASM_W2310_PRJEB73710	W2310		W2310 genome assembly	ORYZA_RUFIPOGON	Oryza rufipogon	chromosome	Nipponbare (日本晴)	Figshare	PRJEB73710	genome.W2310.fasta	FASTA	Wild and cultivated rice pangenome genome assembly
ASM_W2311_PRJEB73710	W2311		W2311 genome assembly	ORYZA_RUFIPOGON	Oryza rufipogon	chromosome	Nipponbare (日本晴)	Figshare	PRJEB73710	genome.W2311.fasta	FASTA	Wild and cultivated rice pangenome genome assembly
ASM_W2318_PRJEB73710	W2318		W2318 genome assembly	ORYZA_RUFIPOGON	Oryza rufipogon	chromosome	Nipponbare (日本晴)	Figshare	PRJEB73710	genome.W2318.fasta	FASTA	Wild and cultivated rice pangenome genome assembly
ASM_W2319_PRJEB73710	W2319		W2319 genome assembly	ORYZA_RUFIPOGON	Oryza rufipogon	chromosome	Nipponbare (日本晴)	Figshare	PRJEB73710	genome.W2319.fasta	FASTA	Wild and cultivated rice pangenome genome assembly
ASM_W2320_PRJEB73710	W2320		W2320 genome assembly	ORYZA_RUFIPOGON	Oryza rufipogon	chromosome	Nipponbare (日本晴)	Figshare	PRJEB73710	genome.W2320.fasta	FASTA	Wild and cultivated rice pangenome genome assembly
ASM_W2321_PRJEB73710	W2321		W2321 genome assembly	ORYZA_RUFIPOGON	Oryza rufipogon	chromosome	Nipponbare (日本晴)	Figshare	PRJEB73710	genome.W2321.fasta	FASTA	Wild and cultivated rice pangenome genome assembly
ASM_W2332_PRJEB73710	W2332		W2332 genome assembly	ORYZA_RUFIPOGON	Oryza rufipogon	chromosome	Nipponbare (日本晴)	Figshare	PRJEB73710	genome.W2332.fasta	FASTA	Wild and cultivated rice pangenome genome assembly
ASM_W3000_PRJEB73710	W3000		W3000 genome assembly	ORYZA_RUFIPOGON	Oryza rufipogon	chromosome	Nipponbare (日本晴)	Figshare	PRJEB73710	genome.W3000.fasta	FASTA	Wild and cultivated rice pangenome genome assembly
ASM_W3007_PRJEB73710	W3007		W3007 genome assembly	ORYZA_RUFIPOGON	Oryza rufipogon	chromosome	Nipponbare (日本晴)	Figshare	PRJEB73710	genome.W3007.fasta	FASTA	Wild and cultivated rice pangenome genome assembly
ASM_W3009_PRJEB73710	W3009		W3009 genome assembly	ORYZA_RUFIPOGON	Oryza rufipogon	chromosome	Nipponbare (日本晴)	Figshare	PRJEB73710	genome.W3009.fasta	FASTA	Wild and cultivated rice pangenome genome assembly
ASM_W3012_PRJEB73710	W3012		W3012 genome assembly	ORYZA_RUFIPOGON	Oryza rufipogon	chromosome	Nipponbare (日本晴)	Figshare	PRJEB73710	genome.W3012.fasta	FASTA	Wild and cultivated rice pangenome genome assembly
ASM_W3029_PRJEB73710	W3029		W3029 genome assembly	ORYZA_RUFIPOGON	Oryza rufipogon	chromosome	Nipponbare (日本晴)	Figshare	PRJEB73710	genome.W3029.fasta	FASTA	Wild and cultivated rice pangenome genome assembly
ASM_W3033_PRJEB73710	W3033		W3033 genome assembly	ORYZA_RUFIPOGON	Oryza rufipogon	chromosome	Nipponbare (日本晴)	Figshare	PRJEB73710	genome.W3033.fasta	FASTA	Wild and cultivated rice pangenome genome assembly
ASM_W3035_PRJEB73710	W3035		W3035 genome assembly	ORYZA_RUFIPOGON	Oryza rufipogon	chromosome	Nipponbare (日本晴)	Figshare	PRJEB73710	genome.W3035.fasta	FASTA	Wild and cultivated rice pangenome genome assembly
ASM_W3037_PRJEB73710	W3037		W3037 genome assembly	ORYZA_RUFIPOGON	Oryza rufipogon	chromosome	Nipponbare (日本晴)	Figshare	PRJEB73710	genome.W3037.fasta	FASTA	Wild and cultivated rice pangenome genome assembly
ASM_W3038_PRJEB73710	W3038		W3038 genome assembly	ORYZA_RUFIPOGON	Oryza rufipogon	chromosome	Nipponbare (日本晴)	Figshare	PRJEB73710	genome.W3038.fasta	FASTA	Wild and cultivated rice pangenome genome assembly
ASM_W3040_PRJEB73710	W3040		W3040 genome assembly	ORYZA_RUFIPOGON	Oryza rufipogon	chromosome	Nipponbare (日本晴)	Figshare	PRJEB73710	genome.W3040.fasta	FASTA	Wild and cultivated rice pangenome genome assembly
ASM_W3046_PRJEB73710	W3046		W3046 genome assembly	ORYZA_RUFIPOGON	Oryza rufipogon	chromosome	Nipponbare (日本晴)	Figshare	PRJEB73710	genome.W3046.fasta	FASTA	Wild and cultivated rice pangenome genome assembly
ASM_W3047_PRJEB73710	W3047		W3047 genome assembly	ORYZA_RUFIPOGON	Oryza rufipogon	chromosome	Nipponbare (日本晴)	Figshare	PRJEB73710	genome.W3047.fasta	FASTA	Wild and cultivated rice pangenome genome assembly
ASM_W3051_PRJEB73710	W3051		W3051 genome assembly	ORYZA_RUFIPOGON	Oryza rufipogon	chromosome	Nipponbare (日本晴)	Figshare	PRJEB73710	genome.W3051.fasta	FASTA	Wild and cultivated rice pangenome genome assembly
ASM_W3052_PRJEB73710	W3052		W3052 genome assembly	ORYZA_RUFIPOGON	Oryza rufipogon	chromosome	Nipponbare (日本晴)	Figshare	PRJEB73710	genome.W3052.fasta	FASTA	Wild and cultivated rice pangenome genome assembly
ASM_W3054_PRJEB73710	W3054		W3054 genome assembly	ORYZA_RUFIPOGON	Oryza rufipogon	chromosome	Nipponbare (日本晴)	Figshare	PRJEB73710	genome.W3054.fasta	FASTA	Wild and cultivated rice pangenome genome assembly
ASM_W3055_PRJEB73710	W3055		W3055 genome assembly	ORYZA_RUFIPOGON	Oryza rufipogon	chromosome	Nipponbare (日本晴)	Figshare	PRJEB73710	genome.W3055.fasta	FASTA	Wild and cultivated rice pangenome genome assembly
ASM_W3063_PRJEB73710	W3063		W3063 genome assembly	ORYZA_RUFIPOGON	Oryza rufipogon	chromosome	Nipponbare (日本晴)	Figshare	PRJEB73710	genome.W3063.fasta	FASTA	Wild and cultivated rice pangenome genome assembly
ASM_W3066_PRJEB73710	W3066		W3066 genome assembly	ORYZA_RUFIPOGON	Oryza rufipogon	chromosome	Nipponbare (日本晴)	Figshare	PRJEB73710	genome.W3066.fasta	FASTA	Wild and cultivated rice pangenome genome assembly
ASM_W3071_PRJEB73710	W3071		W3071 genome assembly	ORYZA_RUFIPOGON	Oryza rufipogon	chromosome	Nipponbare (日本晴)	Figshare	PRJEB73710	genome.W3071.fasta	FASTA	Wild and cultivated rice pangenome genome assembly
ASM_W3074_PRJEB73710	W3074		W3074 genome assembly	ORYZA_RUFIPOGON	Oryza rufipogon	chromosome	Nipponbare (日本晴)	Figshare	PRJEB73710	genome.W3074.fasta	FASTA	Wild and cultivated rice pangenome genome assembly
ASM_W3082_PRJEB73710	W3082		W3082 genome assembly	ORYZA_RUFIPOGON	Oryza rufipogon	chromosome	Nipponbare (日本晴)	Figshare	PRJEB73710	genome.W3082.fasta	FASTA	Wild and cultivated rice pangenome genome assembly
ASM_W3086_PRJEB73710	W3086		W3086 genome assembly	ORYZA_RUFIPOGON	Oryza rufipogon	chromosome	Nipponbare (日本晴)	Figshare	PRJEB73710	genome.W3086.fasta	FASTA	Wild and cultivated rice pangenome genome assembly
ASM_W3088_PRJEB73710	W3088		W3088 genome assembly	ORYZA_RUFIPOGON	Oryza rufipogon	chromosome	Nipponbare (日本晴)	Figshare	PRJEB73710	genome.W3088.fasta	FASTA	Wild and cultivated rice pangenome genome assembly
ASM_W3090_PRJEB73710	W3090		W3090 genome assembly	ORYZA_RUFIPOGON	Oryza rufipogon	chromosome	Nipponbare (日本晴)	Figshare	PRJEB73710	genome.W3090.fasta	FASTA	Wild and cultivated rice pangenome genome assembly
ASM_W3092_PRJEB73710	W3092		W3092 genome assembly	ORYZA_RUFIPOGON	Oryza rufipogon	chromosome	Nipponbare (日本晴)	Figshare	PRJEB73710	genome.W3092.fasta	FASTA	Wild and cultivated rice pangenome genome assembly
ASM_W3096_PRJEB73710	W3096		W3096 genome assembly	ORYZA_RUFIPOGON	Oryza rufipogon	chromosome	Nipponbare (日本晴)	Figshare	PRJEB73710	genome.W3096.fasta	FASTA	Wild and cultivated rice pangenome genome assembly
