accession	project_code	project_name	dataset_code	dataset_name	dataset_type	ncbi_bioproject	ncbi_sra	external_url	description	run_count	experiment_count	ena_study	biosample_count	run_accessions	experiment_accessions	external_database
Nipponbare	PRJEB73710	A pangenome reference of wild and cultivated rice	PRJEB73710_Nipponbare_RNASEQ	Nipponbare RNA-Seq	transcriptome	PRJEB73710		https://www.ebi.ac.uk/ena/browser/view/PRJEB73710	ENA study=ERP158450; library_strategy=RNA-Seq; runs=4; experiments=4; biosamples=1	4	4	ERP158450	1	ERR13336206;ERR13336328;ERR13336465;ERR13336614	ERX12707172;ERX12707294;ERX12707431;ERX12707580	ENA
Nipponbare	PRJEB73710	A pangenome reference of wild and cultivated rice	PRJEB73710_Nipponbare_WGS	Nipponbare WGS	genome	PRJEB73710		https://www.ebi.ac.uk/ena/browser/view/PRJEB73710	ENA study=ERP158450; library_strategy=WGS; runs=1; experiments=1; biosamples=1	1	1	ERP158450	1	ERR13336064	ERX12707030	ENA
W0103	PRJEB73710	A pangenome reference of wild and cultivated rice	PRJEB73710_W0103_HIC	W0103 Hi-C	hic	PRJEB73710		https://www.ebi.ac.uk/ena/browser/view/PRJEB73710	ENA study=ERP158450; library_strategy=Hi-C; runs=1; experiments=1; biosamples=1	1	1	ERP158450	1	ERR13765506	ERX13166678	ENA
W0103	PRJEB73710	A pangenome reference of wild and cultivated rice	PRJEB73710_W0103_RNASEQ	W0103 RNA-Seq	transcriptome	PRJEB73710		https://www.ebi.ac.uk/ena/browser/view/PRJEB73710	ENA study=ERP158450; library_strategy=RNA-Seq; runs=4; experiments=4; biosamples=1	4	4	ERP158450	1	ERR13336208;ERR13336331;ERR13336470;ERR13336619	ERX12707174;ERX12707297;ERX12707436;ERX12707585	ENA
W0103	PRJEB73710	A pangenome reference of wild and cultivated rice	PRJEB73710_W0103_WGS	W0103 WGS	genome	PRJEB73710		https://www.ebi.ac.uk/ena/browser/view/PRJEB73710	ENA study=ERP158450; library_strategy=WGS; runs=2; experiments=2; biosamples=1	2	2	ERP158450	1	ERR13336068;ERR13765362	ERX12707034;ERX13166534	ENA
W0107	PRJEB73710	A pangenome reference of wild and cultivated rice	PRJEB73710_W0107_HIC	W0107 Hi-C	hic	PRJEB73710		https://www.ebi.ac.uk/ena/browser/view/PRJEB73710	ENA study=ERP158450; library_strategy=Hi-C; runs=1; experiments=1; biosamples=1	1	1	ERP158450	1	ERR13765507	ERX13166679	ENA
W0107	PRJEB73710	A pangenome reference of wild and cultivated rice	PRJEB73710_W0107_RNASEQ	W0107 RNA-Seq	transcriptome	PRJEB73710		https://www.ebi.ac.uk/ena/browser/view/PRJEB73710	ENA study=ERP158450; library_strategy=RNA-Seq; runs=4; experiments=4; biosamples=1	4	4	ERP158450	1	ERR13336209;ERR13336332;ERR13336471;ERR13336620	ERX12707175;ERX12707298;ERX12707437;ERX12707586	ENA
W0107	PRJEB73710	A pangenome reference of wild and cultivated rice	PRJEB73710_W0107_WGS	W0107 WGS	genome	PRJEB73710		https://www.ebi.ac.uk/ena/browser/view/PRJEB73710	ENA study=ERP158450; library_strategy=WGS; runs=2; experiments=2; biosamples=1	2	2	ERP158450	1	ERR13336069;ERR13765363	ERX12707035;ERX13166535	ENA
W0108	PRJEB73710	A pangenome reference of wild and cultivated rice	PRJEB73710_W0108_RNASEQ	W0108 RNA-Seq	transcriptome	PRJEB73710		https://www.ebi.ac.uk/ena/browser/view/PRJEB73710	ENA study=ERP158450; library_strategy=RNA-Seq; runs=4; experiments=4; biosamples=1	4	4	ERP158450	1	ERR13336210;ERR13336333;ERR13336472;ERR13336621	ERX12707176;ERX12707299;ERX12707438;ERX12707587	ENA
W0108	PRJEB73710	A pangenome reference of wild and cultivated rice	PRJEB73710_W0108_WGS	W0108 WGS	genome	PRJEB73710		https://www.ebi.ac.uk/ena/browser/view/PRJEB73710	ENA study=ERP158450; library_strategy=WGS; runs=2; experiments=2; biosamples=1	2	2	ERP158450	1	ERR13336070;ERR13765364	ERX12707036;ERX13166536	ENA
W0133	PRJEB73710	A pangenome reference of wild and cultivated rice	PRJEB73710_W0133_RNASEQ	W0133 RNA-Seq	transcriptome	PRJEB73710		https://www.ebi.ac.uk/ena/browser/view/PRJEB73710	ENA study=ERP158450; library_strategy=RNA-Seq; runs=4; experiments=4; biosamples=1	4	4	ERP158450	1	ERR13336211;ERR13336334;ERR13336473;ERR13336622	ERX12707177;ERX12707300;ERX12707439;ERX12707588	ENA
W0133	PRJEB73710	A pangenome reference of wild and cultivated rice	PRJEB73710_W0133_WGS	W0133 WGS	genome	PRJEB73710		https://www.ebi.ac.uk/ena/browser/view/PRJEB73710	ENA study=ERP158450; library_strategy=WGS; runs=2; experiments=2; biosamples=1	2	2	ERP158450	1	ERR13336071;ERR13765365	ERX12707037;ERX13166537	ENA
W0135	PRJEB73710	A pangenome reference of wild and cultivated rice	PRJEB73710_W0135_HIC	W0135 Hi-C	hic	PRJEB73710		https://www.ebi.ac.uk/ena/browser/view/PRJEB73710	ENA study=ERP158450; library_strategy=Hi-C; runs=1; experiments=1; biosamples=1	1	1	ERP158450	1	ERR13765508	ERX13166680	ENA
W0135	PRJEB73710	A pangenome reference of wild and cultivated rice	PRJEB73710_W0135_RNASEQ	W0135 RNA-Seq	transcriptome	PRJEB73710		https://www.ebi.ac.uk/ena/browser/view/PRJEB73710	ENA study=ERP158450; library_strategy=RNA-Seq; runs=4; experiments=4; biosamples=1	4	4	ERP158450	1	ERR13336212;ERR13336335;ERR13336474;ERR13336623	ERX12707178;ERX12707301;ERX12707440;ERX12707589	ENA
W0135	PRJEB73710	A pangenome reference of wild and cultivated rice	PRJEB73710_W0135_WGS	W0135 WGS	genome	PRJEB73710		https://www.ebi.ac.uk/ena/browser/view/PRJEB73710	ENA study=ERP158450; library_strategy=WGS; runs=2; experiments=2; biosamples=1	2	2	ERP158450	1	ERR13336072;ERR13765366	ERX12707038;ERX13166538	ENA
W0136	PRJEB73710	A pangenome reference of wild and cultivated rice	PRJEB73710_W0136_RNASEQ	W0136 RNA-Seq	transcriptome	PRJEB73710		https://www.ebi.ac.uk/ena/browser/view/PRJEB73710	ENA study=ERP158450; library_strategy=RNA-Seq; runs=4; experiments=4; biosamples=1	4	4	ERP158450	1	ERR13336213;ERR13336336;ERR13336475;ERR13336624	ERX12707179;ERX12707302;ERX12707441;ERX12707590	ENA
W0136	PRJEB73710	A pangenome reference of wild and cultivated rice	PRJEB73710_W0136_WGS	W0136 WGS	genome	PRJEB73710		https://www.ebi.ac.uk/ena/browser/view/PRJEB73710	ENA study=ERP158450; library_strategy=WGS; runs=2; experiments=2; biosamples=1	2	2	ERP158450	1	ERR13336073;ERR13765367	ERX12707039;ERX13166539	ENA
W0137	PRJEB73710	A pangenome reference of wild and cultivated rice	PRJEB73710_W0137_RNASEQ	W0137 RNA-Seq	transcriptome	PRJEB73710		https://www.ebi.ac.uk/ena/browser/view/PRJEB73710	ENA study=ERP158450; library_strategy=RNA-Seq; runs=4; experiments=4; biosamples=1	4	4	ERP158450	1	ERR13336214;ERR13336337;ERR13336476;ERR13336625	ERX12707180;ERX12707303;ERX12707442;ERX12707591	ENA
W0137	PRJEB73710	A pangenome reference of wild and cultivated rice	PRJEB73710_W0137_WGS	W0137 WGS	genome	PRJEB73710		https://www.ebi.ac.uk/ena/browser/view/PRJEB73710	ENA study=ERP158450; library_strategy=WGS; runs=2; experiments=2; biosamples=1	2	2	ERP158450	1	ERR13336074;ERR13765368	ERX12707040;ERX13166540	ENA
W0143	PRJEB73710	A pangenome reference of wild and cultivated rice	PRJEB73710_W0143_RNASEQ	W0143 RNA-Seq	transcriptome	PRJEB73710		https://www.ebi.ac.uk/ena/browser/view/PRJEB73710	ENA study=ERP158450; library_strategy=RNA-Seq; runs=2; experiments=2; biosamples=1	2	2	ERP158450	1	ERR13336477;ERR13336626	ERX12707443;ERX12707592	ENA
W0143	PRJEB73710	A pangenome reference of wild and cultivated rice	PRJEB73710_W0143_WGS	W0143 WGS	genome	PRJEB73710		https://www.ebi.ac.uk/ena/browser/view/PRJEB73710	ENA study=ERP158450; library_strategy=WGS; runs=2; experiments=2; biosamples=1	2	2	ERP158450	1	ERR13336075;ERR13765369	ERX12707041;ERX13166541	ENA
W0145	PRJEB73710	A pangenome reference of wild and cultivated rice	PRJEB73710_W0145_RNASEQ	W0145 RNA-Seq	transcriptome	PRJEB73710		https://www.ebi.ac.uk/ena/browser/view/PRJEB73710	ENA study=ERP158450; library_strategy=RNA-Seq; runs=4; experiments=4; biosamples=1	4	4	ERP158450	1	ERR13336215;ERR13336338;ERR13336478;ERR13336627	ERX12707181;ERX12707304;ERX12707444;ERX12707593	ENA
W0145	PRJEB73710	A pangenome reference of wild and cultivated rice	PRJEB73710_W0145_WGS	W0145 WGS	genome	PRJEB73710		https://www.ebi.ac.uk/ena/browser/view/PRJEB73710	ENA study=ERP158450; library_strategy=WGS; runs=2; experiments=2; biosamples=1	2	2	ERP158450	1	ERR13336076;ERR13765370	ERX12707042;ERX13166542	ENA
W0147	PRJEB73710	A pangenome reference of wild and cultivated rice	PRJEB73710_W0147_RNASEQ	W0147 RNA-Seq	transcriptome	PRJEB73710		https://www.ebi.ac.uk/ena/browser/view/PRJEB73710	ENA study=ERP158450; library_strategy=RNA-Seq; runs=4; experiments=4; biosamples=1	4	4	ERP158450	1	ERR13336216;ERR13336339;ERR13336479;ERR13336628	ERX12707182;ERX12707305;ERX12707445;ERX12707594	ENA
W0147	PRJEB73710	A pangenome reference of wild and cultivated rice	PRJEB73710_W0147_WGS	W0147 WGS	genome	PRJEB73710		https://www.ebi.ac.uk/ena/browser/view/PRJEB73710	ENA study=ERP158450; library_strategy=WGS; runs=2; experiments=2; biosamples=1	2	2	ERP158450	1	ERR13336077;ERR13765371	ERX12707043;ERX13166543	ENA
W0149	PRJEB73710	A pangenome reference of wild and cultivated rice	PRJEB73710_W0149_RNASEQ	W0149 RNA-Seq	transcriptome	PRJEB73710		https://www.ebi.ac.uk/ena/browser/view/PRJEB73710	ENA study=ERP158450; library_strategy=RNA-Seq; runs=4; experiments=4; biosamples=1	4	4	ERP158450	1	ERR13336217;ERR13336340;ERR13336480;ERR13336629	ERX12707183;ERX12707306;ERX12707446;ERX12707595	ENA
W0149	PRJEB73710	A pangenome reference of wild and cultivated rice	PRJEB73710_W0149_WGS	W0149 WGS	genome	PRJEB73710		https://www.ebi.ac.uk/ena/browser/view/PRJEB73710	ENA study=ERP158450; library_strategy=WGS; runs=2; experiments=2; biosamples=1	2	2	ERP158450	1	ERR13336078;ERR13765372	ERX12707044;ERX13166544	ENA
W0157	PRJEB73710	A pangenome reference of wild and cultivated rice	PRJEB73710_W0157_RNASEQ	W0157 RNA-Seq	transcriptome	PRJEB73710		https://www.ebi.ac.uk/ena/browser/view/PRJEB73710	ENA study=ERP158450; library_strategy=RNA-Seq; runs=4; experiments=4; biosamples=1	4	4	ERP158450	1	ERR13336218;ERR13336341;ERR13336481;ERR13336630	ERX12707184;ERX12707307;ERX12707447;ERX12707596	ENA
W0157	PRJEB73710	A pangenome reference of wild and cultivated rice	PRJEB73710_W0157_WGS	W0157 WGS	genome	PRJEB73710		https://www.ebi.ac.uk/ena/browser/view/PRJEB73710	ENA study=ERP158450; library_strategy=WGS; runs=2; experiments=2; biosamples=1	2	2	ERP158450	1	ERR13336079;ERR13765373	ERX12707045;ERX13166545	ENA
W0164	PRJEB73710	A pangenome reference of wild and cultivated rice	PRJEB73710_W0164_HIC	W0164 Hi-C	hic	PRJEB73710		https://www.ebi.ac.uk/ena/browser/view/PRJEB73710	ENA study=ERP158450; library_strategy=Hi-C; runs=1; experiments=1; biosamples=1	1	1	ERP158450	1	ERR13765509	ERX13166681	ENA
W0164	PRJEB73710	A pangenome reference of wild and cultivated rice	PRJEB73710_W0164_RNASEQ	W0164 RNA-Seq	transcriptome	PRJEB73710		https://www.ebi.ac.uk/ena/browser/view/PRJEB73710	ENA study=ERP158450; library_strategy=RNA-Seq; runs=4; experiments=4; biosamples=1	4	4	ERP158450	1	ERR13336219;ERR13336342;ERR13336482;ERR13336631	ERX12707185;ERX12707308;ERX12707448;ERX12707597	ENA
W0164	PRJEB73710	A pangenome reference of wild and cultivated rice	PRJEB73710_W0164_WGS	W0164 WGS	genome	PRJEB73710		https://www.ebi.ac.uk/ena/browser/view/PRJEB73710	ENA study=ERP158450; library_strategy=WGS; runs=2; experiments=2; biosamples=1	2	2	ERP158450	1	ERR13336080;ERR13765374	ERX12707046;ERX13166546	ENA
W0166	PRJEB73710	A pangenome reference of wild and cultivated rice	PRJEB73710_W0166_RNASEQ	W0166 RNA-Seq	transcriptome	PRJEB73710		https://www.ebi.ac.uk/ena/browser/view/PRJEB73710	ENA study=ERP158450; library_strategy=RNA-Seq; runs=4; experiments=4; biosamples=1	4	4	ERP158450	1	ERR13336220;ERR13336343;ERR13336483;ERR13336632	ERX12707186;ERX12707309;ERX12707449;ERX12707598	ENA
W0166	PRJEB73710	A pangenome reference of wild and cultivated rice	PRJEB73710_W0166_WGS	W0166 WGS	genome	PRJEB73710		https://www.ebi.ac.uk/ena/browser/view/PRJEB73710	ENA study=ERP158450; library_strategy=WGS; runs=2; experiments=2; biosamples=1	2	2	ERP158450	1	ERR13336081;ERR13765375	ERX12707047;ERX13166547	ENA
W0169	PRJEB73710	A pangenome reference of wild and cultivated rice	PRJEB73710_W0169_RNASEQ	W0169 RNA-Seq	transcriptome	PRJEB73710		https://www.ebi.ac.uk/ena/browser/view/PRJEB73710	ENA study=ERP158450; library_strategy=RNA-Seq; runs=4; experiments=4; biosamples=1	4	4	ERP158450	1	ERR13336221;ERR13336344;ERR13336484;ERR13336633	ERX12707187;ERX12707310;ERX12707450;ERX12707599	ENA
W0169	PRJEB73710	A pangenome reference of wild and cultivated rice	PRJEB73710_W0169_WGS	W0169 WGS	genome	PRJEB73710		https://www.ebi.ac.uk/ena/browser/view/PRJEB73710	ENA study=ERP158450; library_strategy=WGS; runs=2; experiments=2; biosamples=1	2	2	ERP158450	1	ERR13336082;ERR13765376	ERX12707048;ERX13166548	ENA
W0171	PRJEB73710	A pangenome reference of wild and cultivated rice	PRJEB73710_W0171_RNASEQ	W0171 RNA-Seq	transcriptome	PRJEB73710		https://www.ebi.ac.uk/ena/browser/view/PRJEB73710	ENA study=ERP158450; library_strategy=RNA-Seq; runs=4; experiments=4; biosamples=1	4	4	ERP158450	1	ERR13336222;ERR13336345;ERR13336485;ERR13336634	ERX12707188;ERX12707311;ERX12707451;ERX12707600	ENA
W0171	PRJEB73710	A pangenome reference of wild and cultivated rice	PRJEB73710_W0171_WGS	W0171 WGS	genome	PRJEB73710		https://www.ebi.ac.uk/ena/browser/view/PRJEB73710	ENA study=ERP158450; library_strategy=WGS; runs=2; experiments=2; biosamples=1	2	2	ERP158450	1	ERR13336083;ERR13765377	ERX12707049;ERX13166549	ENA
W0179	PRJEB73710	A pangenome reference of wild and cultivated rice	PRJEB73710_W0179_HIC	W0179 Hi-C	hic	PRJEB73710		https://www.ebi.ac.uk/ena/browser/view/PRJEB73710	ENA study=ERP158450; library_strategy=Hi-C; runs=1; experiments=1; biosamples=1	1	1	ERP158450	1	ERR13765510	ERX13166682	ENA
W0179	PRJEB73710	A pangenome reference of wild and cultivated rice	PRJEB73710_W0179_RNASEQ	W0179 RNA-Seq	transcriptome	PRJEB73710		https://www.ebi.ac.uk/ena/browser/view/PRJEB73710	ENA study=ERP158450; library_strategy=RNA-Seq; runs=4; experiments=4; biosamples=1	4	4	ERP158450	1	ERR13336223;ERR13336346;ERR13336486;ERR13336635	ERX12707189;ERX12707312;ERX12707452;ERX12707601	ENA
W0179	PRJEB73710	A pangenome reference of wild and cultivated rice	PRJEB73710_W0179_WGS	W0179 WGS	genome	PRJEB73710		https://www.ebi.ac.uk/ena/browser/view/PRJEB73710	ENA study=ERP158450; library_strategy=WGS; runs=2; experiments=2; biosamples=1	2	2	ERP158450	1	ERR13336084;ERR13765378	ERX12707050;ERX13166550	ENA
W0180	PRJEB73710	A pangenome reference of wild and cultivated rice	PRJEB73710_W0180_RNASEQ	W0180 RNA-Seq	transcriptome	PRJEB73710		https://www.ebi.ac.uk/ena/browser/view/PRJEB73710	ENA study=ERP158450; library_strategy=RNA-Seq; runs=4; experiments=4; biosamples=1	4	4	ERP158450	1	ERR13336224;ERR13336347;ERR13336487;ERR13336636	ERX12707190;ERX12707313;ERX12707453;ERX12707602	ENA
W0180	PRJEB73710	A pangenome reference of wild and cultivated rice	PRJEB73710_W0180_WGS	W0180 WGS	genome	PRJEB73710		https://www.ebi.ac.uk/ena/browser/view/PRJEB73710	ENA study=ERP158450; library_strategy=WGS; runs=2; experiments=2; biosamples=1	2	2	ERP158450	1	ERR13336085;ERR13765379	ERX12707051;ERX13166551	ENA
W0234	PRJEB73710	A pangenome reference of wild and cultivated rice	PRJEB73710_W0234_RNASEQ	W0234 RNA-Seq	transcriptome	PRJEB73710		https://www.ebi.ac.uk/ena/browser/view/PRJEB73710	ENA study=ERP158450; library_strategy=RNA-Seq; runs=4; experiments=4; biosamples=1	4	4	ERP158450	1	ERR13336225;ERR13336348;ERR13336488;ERR13336637	ERX12707191;ERX12707314;ERX12707454;ERX12707603	ENA
W0234	PRJEB73710	A pangenome reference of wild and cultivated rice	PRJEB73710_W0234_WGS	W0234 WGS	genome	PRJEB73710		https://www.ebi.ac.uk/ena/browser/view/PRJEB73710	ENA study=ERP158450; library_strategy=WGS; runs=2; experiments=2; biosamples=1	2	2	ERP158450	1	ERR13336086;ERR13765380	ERX12707052;ERX13166552	ENA
W0573	PRJEB73710	A pangenome reference of wild and cultivated rice	PRJEB73710_W0573_HIC	W0573 Hi-C	hic	PRJEB73710		https://www.ebi.ac.uk/ena/browser/view/PRJEB73710	ENA study=ERP158450; library_strategy=Hi-C; runs=1; experiments=1; biosamples=1	1	1	ERP158450	1	ERR13765511	ERX13166683	ENA
W0573	PRJEB73710	A pangenome reference of wild and cultivated rice	PRJEB73710_W0573_RNASEQ	W0573 RNA-Seq	transcriptome	PRJEB73710		https://www.ebi.ac.uk/ena/browser/view/PRJEB73710	ENA study=ERP158450; library_strategy=RNA-Seq; runs=4; experiments=4; biosamples=1	4	4	ERP158450	1	ERR13336226;ERR13336349;ERR13336489;ERR13336638	ERX12707192;ERX12707315;ERX12707455;ERX12707604	ENA
W0573	PRJEB73710	A pangenome reference of wild and cultivated rice	PRJEB73710_W0573_WGS	W0573 WGS	genome	PRJEB73710		https://www.ebi.ac.uk/ena/browser/view/PRJEB73710	ENA study=ERP158450; library_strategy=WGS; runs=2; experiments=2; biosamples=1	2	2	ERP158450	1	ERR13336087;ERR13765381	ERX12707053;ERX13166553	ENA
W0590	PRJEB73710	A pangenome reference of wild and cultivated rice	PRJEB73710_W0590_RNASEQ	W0590 RNA-Seq	transcriptome	PRJEB73710		https://www.ebi.ac.uk/ena/browser/view/PRJEB73710	ENA study=ERP158450; library_strategy=RNA-Seq; runs=4; experiments=4; biosamples=1	4	4	ERP158450	1	ERR13336227;ERR13336350;ERR13336490;ERR13336639	ERX12707193;ERX12707316;ERX12707456;ERX12707605	ENA
W0590	PRJEB73710	A pangenome reference of wild and cultivated rice	PRJEB73710_W0590_WGS	W0590 WGS	genome	PRJEB73710		https://www.ebi.ac.uk/ena/browser/view/PRJEB73710	ENA study=ERP158450; library_strategy=WGS; runs=2; experiments=2; biosamples=1	2	2	ERP158450	1	ERR13336088;ERR13765382	ERX12707054;ERX13166554	ENA
W0594	PRJEB73710	A pangenome reference of wild and cultivated rice	PRJEB73710_W0594_RNASEQ	W0594 RNA-Seq	transcriptome	PRJEB73710		https://www.ebi.ac.uk/ena/browser/view/PRJEB73710	ENA study=ERP158450; library_strategy=RNA-Seq; runs=4; experiments=4; biosamples=1	4	4	ERP158450	1	ERR13336228;ERR13336351;ERR13336491;ERR13336640	ERX12707194;ERX12707317;ERX12707457;ERX12707606	ENA
W0594	PRJEB73710	A pangenome reference of wild and cultivated rice	PRJEB73710_W0594_WGS	W0594 WGS	genome	PRJEB73710		https://www.ebi.ac.uk/ena/browser/view/PRJEB73710	ENA study=ERP158450; library_strategy=WGS; runs=2; experiments=2; biosamples=1	2	2	ERP158450	1	ERR13336089;ERR13765383	ERX12707055;ERX13166555	ENA
W0596	PRJEB73710	A pangenome reference of wild and cultivated rice	PRJEB73710_W0596_RNASEQ	W0596 RNA-Seq	transcriptome	PRJEB73710		https://www.ebi.ac.uk/ena/browser/view/PRJEB73710	ENA study=ERP158450; library_strategy=RNA-Seq; runs=4; experiments=4; biosamples=1	4	4	ERP158450	1	ERR13336229;ERR13336352;ERR13336492;ERR13336641	ERX12707195;ERX12707318;ERX12707458;ERX12707607	ENA
W0596	PRJEB73710	A pangenome reference of wild and cultivated rice	PRJEB73710_W0596_WGS	W0596 WGS	genome	PRJEB73710		https://www.ebi.ac.uk/ena/browser/view/PRJEB73710	ENA study=ERP158450; library_strategy=WGS; runs=2; experiments=2; biosamples=1	2	2	ERP158450	1	ERR13336090;ERR13765384	ERX12707056;ERX13166556	ENA
W0600	PRJEB73710	A pangenome reference of wild and cultivated rice	PRJEB73710_W0600_RNASEQ	W0600 RNA-Seq	transcriptome	PRJEB73710		https://www.ebi.ac.uk/ena/browser/view/PRJEB73710	ENA study=ERP158450; library_strategy=RNA-Seq; runs=4; experiments=4; biosamples=1	4	4	ERP158450	1	ERR13336230;ERR13336353;ERR13336493;ERR13336642	ERX12707196;ERX12707319;ERX12707459;ERX12707608	ENA
W0600	PRJEB73710	A pangenome reference of wild and cultivated rice	PRJEB73710_W0600_WGS	W0600 WGS	genome	PRJEB73710		https://www.ebi.ac.uk/ena/browser/view/PRJEB73710	ENA study=ERP158450; library_strategy=WGS; runs=2; experiments=2; biosamples=1	2	2	ERP158450	1	ERR13336091;ERR13765385	ERX12707057;ERX13166557	ENA
W0627	PRJEB73710	A pangenome reference of wild and cultivated rice	PRJEB73710_W0627_RNASEQ	W0627 RNA-Seq	transcriptome	PRJEB73710		https://www.ebi.ac.uk/ena/browser/view/PRJEB73710	ENA study=ERP158450; library_strategy=RNA-Seq; runs=4; experiments=4; biosamples=1	4	4	ERP158450	1	ERR13336231;ERR13336354;ERR13336494;ERR13336643	ERX12707197;ERX12707320;ERX12707460;ERX12707609	ENA
W0627	PRJEB73710	A pangenome reference of wild and cultivated rice	PRJEB73710_W0627_WGS	W0627 WGS	genome	PRJEB73710		https://www.ebi.ac.uk/ena/browser/view/PRJEB73710	ENA study=ERP158450; library_strategy=WGS; runs=2; experiments=2; biosamples=1	2	2	ERP158450	1	ERR13336092;ERR13765386	ERX12707058;ERX13166558	ENA
W0630	PRJEB73710	A pangenome reference of wild and cultivated rice	PRJEB73710_W0630_RNASEQ	W0630 RNA-Seq	transcriptome	PRJEB73710		https://www.ebi.ac.uk/ena/browser/view/PRJEB73710	ENA study=ERP158450; library_strategy=RNA-Seq; runs=3; experiments=3; biosamples=1	3	3	ERP158450	1	ERR13336355;ERR13336495;ERR13336644	ERX12707321;ERX12707461;ERX12707610	ENA
W0630	PRJEB73710	A pangenome reference of wild and cultivated rice	PRJEB73710_W0630_WGS	W0630 WGS	genome	PRJEB73710		https://www.ebi.ac.uk/ena/browser/view/PRJEB73710	ENA study=ERP158450; library_strategy=WGS; runs=2; experiments=2; biosamples=1	2	2	ERP158450	1	ERR13336093;ERR13765387	ERX12707059;ERX13166559	ENA
W0632	PRJEB73710	A pangenome reference of wild and cultivated rice	PRJEB73710_W0632_RNASEQ	W0632 RNA-Seq	transcriptome	PRJEB73710		https://www.ebi.ac.uk/ena/browser/view/PRJEB73710	ENA study=ERP158450; library_strategy=RNA-Seq; runs=3; experiments=3; biosamples=1	3	3	ERP158450	1	ERR13336356;ERR13336496;ERR13336645	ERX12707322;ERX12707462;ERX12707611	ENA
W0632	PRJEB73710	A pangenome reference of wild and cultivated rice	PRJEB73710_W0632_WGS	W0632 WGS	genome	PRJEB73710		https://www.ebi.ac.uk/ena/browser/view/PRJEB73710	ENA study=ERP158450; library_strategy=WGS; runs=2; experiments=2; biosamples=1	2	2	ERP158450	1	ERR13336094;ERR13765388	ERX12707060;ERX13166560	ENA
W0634	PRJEB73710	A pangenome reference of wild and cultivated rice	PRJEB73710_W0634_HIC	W0634 Hi-C	hic	PRJEB73710		https://www.ebi.ac.uk/ena/browser/view/PRJEB73710	ENA study=ERP158450; library_strategy=Hi-C; runs=1; experiments=1; biosamples=1	1	1	ERP158450	1	ERR13765512	ERX13166684	ENA
W0634	PRJEB73710	A pangenome reference of wild and cultivated rice	PRJEB73710_W0634_RNASEQ	W0634 RNA-Seq	transcriptome	PRJEB73710		https://www.ebi.ac.uk/ena/browser/view/PRJEB73710	ENA study=ERP158450; library_strategy=RNA-Seq; runs=4; experiments=4; biosamples=1	4	4	ERP158450	1	ERR13336232;ERR13336357;ERR13336497;ERR13336646	ERX12707198;ERX12707323;ERX12707463;ERX12707612	ENA
W0634	PRJEB73710	A pangenome reference of wild and cultivated rice	PRJEB73710_W0634_WGS	W0634 WGS	genome	PRJEB73710		https://www.ebi.ac.uk/ena/browser/view/PRJEB73710	ENA study=ERP158450; library_strategy=WGS; runs=2; experiments=2; biosamples=1	2	2	ERP158450	1	ERR13336095;ERR13765389	ERX12707061;ERX13166561	ENA
W0639	PRJEB73710	A pangenome reference of wild and cultivated rice	PRJEB73710_W0639_HIC	W0639 Hi-C	hic	PRJEB73710		https://www.ebi.ac.uk/ena/browser/view/PRJEB73710	ENA study=ERP158450; library_strategy=Hi-C; runs=1; experiments=1; biosamples=1	1	1	ERP158450	1	ERR13765513	ERX13166685	ENA
W0639	PRJEB73710	A pangenome reference of wild and cultivated rice	PRJEB73710_W0639_RNASEQ	W0639 RNA-Seq	transcriptome	PRJEB73710		https://www.ebi.ac.uk/ena/browser/view/PRJEB73710	ENA study=ERP158450; library_strategy=RNA-Seq; runs=3; experiments=3; biosamples=1	3	3	ERP158450	1	ERR13336358;ERR13336498;ERR13336647	ERX12707324;ERX12707464;ERX12707613	ENA
W0639	PRJEB73710	A pangenome reference of wild and cultivated rice	PRJEB73710_W0639_WGS	W0639 WGS	genome	PRJEB73710		https://www.ebi.ac.uk/ena/browser/view/PRJEB73710	ENA study=ERP158450; library_strategy=WGS; runs=2; experiments=2; biosamples=1	2	2	ERP158450	1	ERR13336096;ERR13765390	ERX12707062;ERX13166562	ENA
W1080	PRJEB73710	A pangenome reference of wild and cultivated rice	PRJEB73710_W1080_RNASEQ	W1080 RNA-Seq	transcriptome	PRJEB73710		https://www.ebi.ac.uk/ena/browser/view/PRJEB73710	ENA study=ERP158450; library_strategy=RNA-Seq; runs=4; experiments=4; biosamples=1	4	4	ERP158450	1	ERR13336233;ERR13336359;ERR13336499;ERR13336648	ERX12707199;ERX12707325;ERX12707465;ERX12707614	ENA
W1080	PRJEB73710	A pangenome reference of wild and cultivated rice	PRJEB73710_W1080_WGS	W1080 WGS	genome	PRJEB73710		https://www.ebi.ac.uk/ena/browser/view/PRJEB73710	ENA study=ERP158450; library_strategy=WGS; runs=2; experiments=2; biosamples=1	2	2	ERP158450	1	ERR13336048;ERR13765391	ERX12707014;ERX13166563	ENA
W1084	PRJEB73710	A pangenome reference of wild and cultivated rice	PRJEB73710_W1084_HIC	W1084 Hi-C	hic	PRJEB73710		https://www.ebi.ac.uk/ena/browser/view/PRJEB73710	ENA study=ERP158450; library_strategy=Hi-C; runs=1; experiments=1; biosamples=1	1	1	ERP158450	1	ERR13765514	ERX13166686	ENA
W1084	PRJEB73710	A pangenome reference of wild and cultivated rice	PRJEB73710_W1084_RNASEQ	W1084 RNA-Seq	transcriptome	PRJEB73710		https://www.ebi.ac.uk/ena/browser/view/PRJEB73710	ENA study=ERP158450; library_strategy=RNA-Seq; runs=4; experiments=4; biosamples=1	4	4	ERP158450	1	ERR13336234;ERR13336360;ERR13336500;ERR13336649	ERX12707200;ERX12707326;ERX12707466;ERX12707615	ENA
W1084	PRJEB73710	A pangenome reference of wild and cultivated rice	PRJEB73710_W1084_WGS	W1084 WGS	genome	PRJEB73710		https://www.ebi.ac.uk/ena/browser/view/PRJEB73710	ENA study=ERP158450; library_strategy=WGS; runs=2; experiments=2; biosamples=1	2	2	ERP158450	1	ERR13336097;ERR13765392	ERX12707063;ERX13166564	ENA
W1093	PRJEB73710	A pangenome reference of wild and cultivated rice	PRJEB73710_W1093_RNASEQ	W1093 RNA-Seq	transcriptome	PRJEB73710		https://www.ebi.ac.uk/ena/browser/view/PRJEB73710	ENA study=ERP158450; library_strategy=RNA-Seq; runs=4; experiments=4; biosamples=1	4	4	ERP158450	1	ERR13336235;ERR13336361;ERR13336501;ERR13336650	ERX12707201;ERX12707327;ERX12707467;ERX12707616	ENA
W1093	PRJEB73710	A pangenome reference of wild and cultivated rice	PRJEB73710_W1093_WGS	W1093 WGS	genome	PRJEB73710		https://www.ebi.ac.uk/ena/browser/view/PRJEB73710	ENA study=ERP158450; library_strategy=WGS; runs=2; experiments=2; biosamples=1	2	2	ERP158450	1	ERR13336098;ERR13765393	ERX12707064;ERX13166565	ENA
W1107	PRJEB73710	A pangenome reference of wild and cultivated rice	PRJEB73710_W1107_RNASEQ	W1107 RNA-Seq	transcriptome	PRJEB73710		https://www.ebi.ac.uk/ena/browser/view/PRJEB73710	ENA study=ERP158450; library_strategy=RNA-Seq; runs=3; experiments=3; biosamples=1	3	3	ERP158450	1	ERR13336236;ERR13336362;ERR13336502	ERX12707202;ERX12707328;ERX12707468	ENA
W1107	PRJEB73710	A pangenome reference of wild and cultivated rice	PRJEB73710_W1107_WGS	W1107 WGS	genome	PRJEB73710		https://www.ebi.ac.uk/ena/browser/view/PRJEB73710	ENA study=ERP158450; library_strategy=WGS; runs=2; experiments=2; biosamples=1	2	2	ERP158450	1	ERR13336099;ERR13765394	ERX12707065;ERX13166566	ENA
W1117	PRJEB73710	A pangenome reference of wild and cultivated rice	PRJEB73710_W1117_RNASEQ	W1117 RNA-Seq	transcriptome	PRJEB73710		https://www.ebi.ac.uk/ena/browser/view/PRJEB73710	ENA study=ERP158450; library_strategy=RNA-Seq; runs=3; experiments=3; biosamples=1	3	3	ERP158450	1	ERR13336363;ERR13336503;ERR13336651	ERX12707329;ERX12707469;ERX12707617	ENA
W1117	PRJEB73710	A pangenome reference of wild and cultivated rice	PRJEB73710_W1117_WGS	W1117 WGS	genome	PRJEB73710		https://www.ebi.ac.uk/ena/browser/view/PRJEB73710	ENA study=ERP158450; library_strategy=WGS; runs=2; experiments=2; biosamples=1	2	2	ERP158450	1	ERR13336100;ERR13765395	ERX12707066;ERX13166567	ENA
W1126	PRJEB73710	A pangenome reference of wild and cultivated rice	PRJEB73710_W1126_RNASEQ	W1126 RNA-Seq	transcriptome	PRJEB73710		https://www.ebi.ac.uk/ena/browser/view/PRJEB73710	ENA study=ERP158450; library_strategy=RNA-Seq; runs=4; experiments=4; biosamples=1	4	4	ERP158450	1	ERR13336237;ERR13336364;ERR13336504;ERR13336652	ERX12707203;ERX12707330;ERX12707470;ERX12707618	ENA
W1126	PRJEB73710	A pangenome reference of wild and cultivated rice	PRJEB73710_W1126_WGS	W1126 WGS	genome	PRJEB73710		https://www.ebi.ac.uk/ena/browser/view/PRJEB73710	ENA study=ERP158450; library_strategy=WGS; runs=2; experiments=2; biosamples=1	2	2	ERP158450	1	ERR13336101;ERR13765396	ERX12707067;ERX13166568	ENA
W1142	PRJEB73710	A pangenome reference of wild and cultivated rice	PRJEB73710_W1142_RNASEQ	W1142 RNA-Seq	transcriptome	PRJEB73710		https://www.ebi.ac.uk/ena/browser/view/PRJEB73710	ENA study=ERP158450; library_strategy=RNA-Seq; runs=2; experiments=2; biosamples=1	2	2	ERP158450	1	ERR13336365;ERR13336505	ERX12707331;ERX12707471	ENA
W1142	PRJEB73710	A pangenome reference of wild and cultivated rice	PRJEB73710_W1142_WGS	W1142 WGS	genome	PRJEB73710		https://www.ebi.ac.uk/ena/browser/view/PRJEB73710	ENA study=ERP158450; library_strategy=WGS; runs=2; experiments=2; biosamples=1	2	2	ERP158450	1	ERR13336102;ERR13765397	ERX12707068;ERX13166569	ENA
W1214	PRJEB73710	A pangenome reference of wild and cultivated rice	PRJEB73710_W1214_RNASEQ	W1214 RNA-Seq	transcriptome	PRJEB73710		https://www.ebi.ac.uk/ena/browser/view/PRJEB73710	ENA study=ERP158450; library_strategy=RNA-Seq; runs=3; experiments=3; biosamples=1	3	3	ERP158450	1	ERR13336366;ERR13336506;ERR13336653	ERX12707332;ERX12707472;ERX12707619	ENA
W1214	PRJEB73710	A pangenome reference of wild and cultivated rice	PRJEB73710_W1214_WGS	W1214 WGS	genome	PRJEB73710		https://www.ebi.ac.uk/ena/browser/view/PRJEB73710	ENA study=ERP158450; library_strategy=WGS; runs=2; experiments=2; biosamples=1	2	2	ERP158450	1	ERR13336103;ERR13765398	ERX12707069;ERX13166570	ENA
W1236	PRJEB73710	A pangenome reference of wild and cultivated rice	PRJEB73710_W1236_HIC	W1236 Hi-C	hic	PRJEB73710		https://www.ebi.ac.uk/ena/browser/view/PRJEB73710	ENA study=ERP158450; library_strategy=Hi-C; runs=1; experiments=1; biosamples=1	1	1	ERP158450	1	ERR13765515	ERX13166687	ENA
W1236	PRJEB73710	A pangenome reference of wild and cultivated rice	PRJEB73710_W1236_RNASEQ	W1236 RNA-Seq	transcriptome	PRJEB73710		https://www.ebi.ac.uk/ena/browser/view/PRJEB73710	ENA study=ERP158450; library_strategy=RNA-Seq; runs=4; experiments=4; biosamples=1	4	4	ERP158450	1	ERR13336238;ERR13336367;ERR13336507;ERR13336654	ERX12707204;ERX12707333;ERX12707473;ERX12707620	ENA
W1236	PRJEB73710	A pangenome reference of wild and cultivated rice	PRJEB73710_W1236_WGS	W1236 WGS	genome	PRJEB73710		https://www.ebi.ac.uk/ena/browser/view/PRJEB73710	ENA study=ERP158450; library_strategy=WGS; runs=2; experiments=2; biosamples=1	2	2	ERP158450	1	ERR13336104;ERR13765399	ERX12707070;ERX13166571	ENA
W1292	PRJEB73710	A pangenome reference of wild and cultivated rice	PRJEB73710_W1292_RNASEQ	W1292 RNA-Seq	transcriptome	PRJEB73710		https://www.ebi.ac.uk/ena/browser/view/PRJEB73710	ENA study=ERP158450; library_strategy=RNA-Seq; runs=4; experiments=4; biosamples=1	4	4	ERP158450	1	ERR13336239;ERR13336368;ERR13336508;ERR13336655	ERX12707205;ERX12707334;ERX12707474;ERX12707621	ENA
W1292	PRJEB73710	A pangenome reference of wild and cultivated rice	PRJEB73710_W1292_WGS	W1292 WGS	genome	PRJEB73710		https://www.ebi.ac.uk/ena/browser/view/PRJEB73710	ENA study=ERP158450; library_strategy=WGS; runs=2; experiments=2; biosamples=1	2	2	ERP158450	1	ERR13336105;ERR13765400	ERX12707071;ERX13166572	ENA
W1536	PRJEB73710	A pangenome reference of wild and cultivated rice	PRJEB73710_W1536_RNASEQ	W1536 RNA-Seq	transcriptome	PRJEB73710		https://www.ebi.ac.uk/ena/browser/view/PRJEB73710	ENA study=ERP158450; library_strategy=RNA-Seq; runs=3; experiments=3; biosamples=1	3	3	ERP158450	1	ERR13336369;ERR13336509;ERR13336656	ERX12707335;ERX12707475;ERX12707622	ENA
W1536	PRJEB73710	A pangenome reference of wild and cultivated rice	PRJEB73710_W1536_WGS	W1536 WGS	genome	PRJEB73710		https://www.ebi.ac.uk/ena/browser/view/PRJEB73710	ENA study=ERP158450; library_strategy=WGS; runs=2; experiments=2; biosamples=1	2	2	ERP158450	1	ERR13336106;ERR13765401	ERX12707072;ERX13166573	ENA
W1547	PRJEB73710	A pangenome reference of wild and cultivated rice	PRJEB73710_W1547_RNASEQ	W1547 RNA-Seq	transcriptome	PRJEB73710		https://www.ebi.ac.uk/ena/browser/view/PRJEB73710	ENA study=ERP158450; library_strategy=RNA-Seq; runs=4; experiments=4; biosamples=1	4	4	ERP158450	1	ERR13336240;ERR13336370;ERR13336510;ERR13336657	ERX12707206;ERX12707336;ERX12707476;ERX12707623	ENA
W1547	PRJEB73710	A pangenome reference of wild and cultivated rice	PRJEB73710_W1547_WGS	W1547 WGS	genome	PRJEB73710		https://www.ebi.ac.uk/ena/browser/view/PRJEB73710	ENA study=ERP158450; library_strategy=WGS; runs=2; experiments=2; biosamples=1	2	2	ERP158450	1	ERR13336107;ERR13765402	ERX12707073;ERX13166574	ENA
W1550	PRJEB73710	A pangenome reference of wild and cultivated rice	PRJEB73710_W1550_RNASEQ	W1550 RNA-Seq	transcriptome	PRJEB73710		https://www.ebi.ac.uk/ena/browser/view/PRJEB73710	ENA study=ERP158450; library_strategy=RNA-Seq; runs=4; experiments=4; biosamples=1	4	4	ERP158450	1	ERR13336241;ERR13336371;ERR13336511;ERR13336658	ERX12707207;ERX12707337;ERX12707477;ERX12707624	ENA
W1550	PRJEB73710	A pangenome reference of wild and cultivated rice	PRJEB73710_W1550_WGS	W1550 WGS	genome	PRJEB73710		https://www.ebi.ac.uk/ena/browser/view/PRJEB73710	ENA study=ERP158450; library_strategy=WGS; runs=2; experiments=2; biosamples=1	2	2	ERP158450	1	ERR13336108;ERR13765403	ERX12707074;ERX13166575	ENA
W1552	PRJEB73710	A pangenome reference of wild and cultivated rice	PRJEB73710_W1552_RNASEQ	W1552 RNA-Seq	transcriptome	PRJEB73710		https://www.ebi.ac.uk/ena/browser/view/PRJEB73710	ENA study=ERP158450; library_strategy=RNA-Seq; runs=3; experiments=3; biosamples=1	3	3	ERP158450	1	ERR13336372;ERR13336512;ERR13336659	ERX12707338;ERX12707478;ERX12707625	ENA
W1552	PRJEB73710	A pangenome reference of wild and cultivated rice	PRJEB73710_W1552_WGS	W1552 WGS	genome	PRJEB73710		https://www.ebi.ac.uk/ena/browser/view/PRJEB73710	ENA study=ERP158450; library_strategy=WGS; runs=2; experiments=2; biosamples=1	2	2	ERP158450	1	ERR13336109;ERR13765404	ERX12707075;ERX13166576	ENA
W1553	PRJEB73710	A pangenome reference of wild and cultivated rice	PRJEB73710_W1553_RNASEQ	W1553 RNA-Seq	transcriptome	PRJEB73710		https://www.ebi.ac.uk/ena/browser/view/PRJEB73710	ENA study=ERP158450; library_strategy=RNA-Seq; runs=4; experiments=4; biosamples=1	4	4	ERP158450	1	ERR13336242;ERR13336373;ERR13336513;ERR13336660	ERX12707208;ERX12707339;ERX12707479;ERX12707626	ENA
W1553	PRJEB73710	A pangenome reference of wild and cultivated rice	PRJEB73710_W1553_WGS	W1553 WGS	genome	PRJEB73710		https://www.ebi.ac.uk/ena/browser/view/PRJEB73710	ENA study=ERP158450; library_strategy=WGS; runs=2; experiments=2; biosamples=1	2	2	ERP158450	1	ERR13336110;ERR13765405	ERX12707076;ERX13166577	ENA
W1556	PRJEB73710	A pangenome reference of wild and cultivated rice	PRJEB73710_W1556_RNASEQ	W1556 RNA-Seq	transcriptome	PRJEB73710		https://www.ebi.ac.uk/ena/browser/view/PRJEB73710	ENA study=ERP158450; library_strategy=RNA-Seq; runs=4; experiments=4; biosamples=1	4	4	ERP158450	1	ERR13336243;ERR13336374;ERR13336514;ERR13336661	ERX12707209;ERX12707340;ERX12707480;ERX12707627	ENA
W1556	PRJEB73710	A pangenome reference of wild and cultivated rice	PRJEB73710_W1556_WGS	W1556 WGS	genome	PRJEB73710		https://www.ebi.ac.uk/ena/browser/view/PRJEB73710	ENA study=ERP158450; library_strategy=WGS; runs=2; experiments=2; biosamples=1	2	2	ERP158450	1	ERR13336111;ERR13765406	ERX12707077;ERX13166578	ENA
W1557	PRJEB73710	A pangenome reference of wild and cultivated rice	PRJEB73710_W1557_RNASEQ	W1557 RNA-Seq	transcriptome	PRJEB73710		https://www.ebi.ac.uk/ena/browser/view/PRJEB73710	ENA study=ERP158450; library_strategy=RNA-Seq; runs=4; experiments=4; biosamples=1	4	4	ERP158450	1	ERR13336244;ERR13336375;ERR13336515;ERR13336662	ERX12707210;ERX12707341;ERX12707481;ERX12707628	ENA
W1557	PRJEB73710	A pangenome reference of wild and cultivated rice	PRJEB73710_W1557_WGS	W1557 WGS	genome	PRJEB73710		https://www.ebi.ac.uk/ena/browser/view/PRJEB73710	ENA study=ERP158450; library_strategy=WGS; runs=2; experiments=2; biosamples=1	2	2	ERP158450	1	ERR13336112;ERR13765407	ERX12707078;ERX13166579	ENA
W1559	PRJEB73710	A pangenome reference of wild and cultivated rice	PRJEB73710_W1559_RNASEQ	W1559 RNA-Seq	transcriptome	PRJEB73710		https://www.ebi.ac.uk/ena/browser/view/PRJEB73710	ENA study=ERP158450; library_strategy=RNA-Seq; runs=4; experiments=4; biosamples=1	4	4	ERP158450	1	ERR13336245;ERR13336376;ERR13336516;ERR13336663	ERX12707211;ERX12707342;ERX12707482;ERX12707629	ENA
W1559	PRJEB73710	A pangenome reference of wild and cultivated rice	PRJEB73710_W1559_WGS	W1559 WGS	genome	PRJEB73710		https://www.ebi.ac.uk/ena/browser/view/PRJEB73710	ENA study=ERP158450; library_strategy=WGS; runs=2; experiments=2; biosamples=1	2	2	ERP158450	1	ERR13336113;ERR13765408	ERX12707079;ERX13166580	ENA
W1619	PRJEB73710	A pangenome reference of wild and cultivated rice	PRJEB73710_W1619_RNASEQ	W1619 RNA-Seq	transcriptome	PRJEB73710		https://www.ebi.ac.uk/ena/browser/view/PRJEB73710	ENA study=ERP158450; library_strategy=RNA-Seq; runs=3; experiments=3; biosamples=1	3	3	ERP158450	1	ERR13336377;ERR13336517;ERR13336664	ERX12707343;ERX12707483;ERX12707630	ENA
W1619	PRJEB73710	A pangenome reference of wild and cultivated rice	PRJEB73710_W1619_WGS	W1619 WGS	genome	PRJEB73710		https://www.ebi.ac.uk/ena/browser/view/PRJEB73710	ENA study=ERP158450; library_strategy=WGS; runs=2; experiments=2; biosamples=1	2	2	ERP158450	1	ERR13336114;ERR13765409	ERX12707080;ERX13166581	ENA
W1666	PRJEB73710	A pangenome reference of wild and cultivated rice	PRJEB73710_W1666_RNASEQ	W1666 RNA-Seq	transcriptome	PRJEB73710		https://www.ebi.ac.uk/ena/browser/view/PRJEB73710	ENA study=ERP158450; library_strategy=RNA-Seq; runs=4; experiments=4; biosamples=1	4	4	ERP158450	1	ERR13336246;ERR13336378;ERR13336518;ERR13336665	ERX12707212;ERX12707344;ERX12707484;ERX12707631	ENA
W1666	PRJEB73710	A pangenome reference of wild and cultivated rice	PRJEB73710_W1666_WGS	W1666 WGS	genome	PRJEB73710		https://www.ebi.ac.uk/ena/browser/view/PRJEB73710	ENA study=ERP158450; library_strategy=WGS; runs=2; experiments=2; biosamples=1	2	2	ERP158450	1	ERR13336115;ERR13765410	ERX12707081;ERX13166582	ENA
W1668	PRJEB73710	A pangenome reference of wild and cultivated rice	PRJEB73710_W1668_RNASEQ	W1668 RNA-Seq	transcriptome	PRJEB73710		https://www.ebi.ac.uk/ena/browser/view/PRJEB73710	ENA study=ERP158450; library_strategy=RNA-Seq; runs=4; experiments=4; biosamples=1	4	4	ERP158450	1	ERR13336247;ERR13336379;ERR13336519;ERR13336666	ERX12707213;ERX12707345;ERX12707485;ERX12707632	ENA
W1668	PRJEB73710	A pangenome reference of wild and cultivated rice	PRJEB73710_W1668_WGS	W1668 WGS	genome	PRJEB73710		https://www.ebi.ac.uk/ena/browser/view/PRJEB73710	ENA study=ERP158450; library_strategy=WGS; runs=2; experiments=2; biosamples=1	2	2	ERP158450	1	ERR13336116;ERR13765411	ERX12707082;ERX13166583	ENA
W1677	PRJEB73710	A pangenome reference of wild and cultivated rice	PRJEB73710_W1677_HIC	W1677 Hi-C	hic	PRJEB73710		https://www.ebi.ac.uk/ena/browser/view/PRJEB73710	ENA study=ERP158450; library_strategy=Hi-C; runs=1; experiments=1; biosamples=1	1	1	ERP158450	1	ERR13765516	ERX13166688	ENA
W1677	PRJEB73710	A pangenome reference of wild and cultivated rice	PRJEB73710_W1677_RNASEQ	W1677 RNA-Seq	transcriptome	PRJEB73710		https://www.ebi.ac.uk/ena/browser/view/PRJEB73710	ENA study=ERP158450; library_strategy=RNA-Seq; runs=4; experiments=4; biosamples=1	4	4	ERP158450	1	ERR13336248;ERR13336380;ERR13336520;ERR13336667	ERX12707214;ERX12707346;ERX12707486;ERX12707633	ENA
W1677	PRJEB73710	A pangenome reference of wild and cultivated rice	PRJEB73710_W1677_WGS	W1677 WGS	genome	PRJEB73710		https://www.ebi.ac.uk/ena/browser/view/PRJEB73710	ENA study=ERP158450; library_strategy=WGS; runs=2; experiments=2; biosamples=1	2	2	ERP158450	1	ERR13336117;ERR13765412	ERX12707083;ERX13166584	ENA
W1679	PRJEB73710	A pangenome reference of wild and cultivated rice	PRJEB73710_W1679_HIC	W1679 Hi-C	hic	PRJEB73710		https://www.ebi.ac.uk/ena/browser/view/PRJEB73710	ENA study=ERP158450; library_strategy=Hi-C; runs=1; experiments=1; biosamples=1	1	1	ERP158450	1	ERR13765517	ERX13166689	ENA
W1679	PRJEB73710	A pangenome reference of wild and cultivated rice	PRJEB73710_W1679_RNASEQ	W1679 RNA-Seq	transcriptome	PRJEB73710		https://www.ebi.ac.uk/ena/browser/view/PRJEB73710	ENA study=ERP158450; library_strategy=RNA-Seq; runs=3; experiments=3; biosamples=1	3	3	ERP158450	1	ERR13336249;ERR13336521;ERR13336668	ERX12707215;ERX12707487;ERX12707634	ENA
W1679	PRJEB73710	A pangenome reference of wild and cultivated rice	PRJEB73710_W1679_WGS	W1679 WGS	genome	PRJEB73710		https://www.ebi.ac.uk/ena/browser/view/PRJEB73710	ENA study=ERP158450; library_strategy=WGS; runs=2; experiments=2; biosamples=1	2	2	ERP158450	1	ERR13336118;ERR13765413	ERX12707084;ERX13166585	ENA
W1718	PRJEB73710	A pangenome reference of wild and cultivated rice	PRJEB73710_W1718_RNASEQ	W1718 RNA-Seq	transcriptome	PRJEB73710		https://www.ebi.ac.uk/ena/browser/view/PRJEB73710	ENA study=ERP158450; library_strategy=RNA-Seq; runs=3; experiments=3; biosamples=1	3	3	ERP158450	1	ERR13336250;ERR13336522;ERR13336669	ERX12707216;ERX12707488;ERX12707635	ENA
W1718	PRJEB73710	A pangenome reference of wild and cultivated rice	PRJEB73710_W1718_WGS	W1718 WGS	genome	PRJEB73710		https://www.ebi.ac.uk/ena/browser/view/PRJEB73710	ENA study=ERP158450; library_strategy=WGS; runs=2; experiments=2; biosamples=1	2	2	ERP158450	1	ERR13336119;ERR13765414	ERX12707085;ERX13166586	ENA
W1719	PRJEB73710	A pangenome reference of wild and cultivated rice	PRJEB73710_W1719_RNASEQ	W1719 RNA-Seq	transcriptome	PRJEB73710		https://www.ebi.ac.uk/ena/browser/view/PRJEB73710	ENA study=ERP158450; library_strategy=RNA-Seq; runs=4; experiments=4; biosamples=1	4	4	ERP158450	1	ERR13336251;ERR13336381;ERR13336523;ERR13336670	ERX12707217;ERX12707347;ERX12707489;ERX12707636	ENA
W1719	PRJEB73710	A pangenome reference of wild and cultivated rice	PRJEB73710_W1719_WGS	W1719 WGS	genome	PRJEB73710		https://www.ebi.ac.uk/ena/browser/view/PRJEB73710	ENA study=ERP158450; library_strategy=WGS; runs=2; experiments=2; biosamples=1	2	2	ERP158450	1	ERR13336120;ERR13765415	ERX12707086;ERX13166587	ENA
W1723	PRJEB73710	A pangenome reference of wild and cultivated rice	PRJEB73710_W1723_RNASEQ	W1723 RNA-Seq	transcriptome	PRJEB73710		https://www.ebi.ac.uk/ena/browser/view/PRJEB73710	ENA study=ERP158450; library_strategy=RNA-Seq; runs=4; experiments=4; biosamples=1	4	4	ERP158450	1	ERR13336252;ERR13336382;ERR13336524;ERR13336671	ERX12707218;ERX12707348;ERX12707490;ERX12707637	ENA
W1723	PRJEB73710	A pangenome reference of wild and cultivated rice	PRJEB73710_W1723_WGS	W1723 WGS	genome	PRJEB73710		https://www.ebi.ac.uk/ena/browser/view/PRJEB73710	ENA study=ERP158450; library_strategy=WGS; runs=2; experiments=2; biosamples=1	2	2	ERP158450	1	ERR13336049;ERR13765416	ERX12707015;ERX13166588	ENA
W1725	PRJEB73710	A pangenome reference of wild and cultivated rice	PRJEB73710_W1725_RNASEQ	W1725 RNA-Seq	transcriptome	PRJEB73710		https://www.ebi.ac.uk/ena/browser/view/PRJEB73710	ENA study=ERP158450; library_strategy=RNA-Seq; runs=4; experiments=4; biosamples=1	4	4	ERP158450	1	ERR13336253;ERR13336383;ERR13336525;ERR13336672	ERX12707219;ERX12707349;ERX12707491;ERX12707638	ENA
W1725	PRJEB73710	A pangenome reference of wild and cultivated rice	PRJEB73710_W1725_WGS	W1725 WGS	genome	PRJEB73710		https://www.ebi.ac.uk/ena/browser/view/PRJEB73710	ENA study=ERP158450; library_strategy=WGS; runs=2; experiments=2; biosamples=1	2	2	ERP158450	1	ERR13336121;ERR13765417	ERX12707087;ERX13166589	ENA
W1726	PRJEB73710	A pangenome reference of wild and cultivated rice	PRJEB73710_W1726_HIC	W1726 Hi-C	hic	PRJEB73710		https://www.ebi.ac.uk/ena/browser/view/PRJEB73710	ENA study=ERP158450; library_strategy=Hi-C; runs=1; experiments=1; biosamples=1	1	1	ERP158450	1	ERR13765518	ERX13166690	ENA
W1726	PRJEB73710	A pangenome reference of wild and cultivated rice	PRJEB73710_W1726_RNASEQ	W1726 RNA-Seq	transcriptome	PRJEB73710		https://www.ebi.ac.uk/ena/browser/view/PRJEB73710	ENA study=ERP158450; library_strategy=RNA-Seq; runs=4; experiments=4; biosamples=1	4	4	ERP158450	1	ERR13336254;ERR13336384;ERR13336526;ERR13336673	ERX12707220;ERX12707350;ERX12707492;ERX12707639	ENA
W1726	PRJEB73710	A pangenome reference of wild and cultivated rice	PRJEB73710_W1726_WGS	W1726 WGS	genome	PRJEB73710		https://www.ebi.ac.uk/ena/browser/view/PRJEB73710	ENA study=ERP158450; library_strategy=WGS; runs=2; experiments=2; biosamples=1	2	2	ERP158450	1	ERR13336122;ERR13765418	ERX12707088;ERX13166590	ENA
W1731	PRJEB73710	A pangenome reference of wild and cultivated rice	PRJEB73710_W1731_RNASEQ	W1731 RNA-Seq	transcriptome	PRJEB73710		https://www.ebi.ac.uk/ena/browser/view/PRJEB73710	ENA study=ERP158450; library_strategy=RNA-Seq; runs=2; experiments=2; biosamples=1	2	2	ERP158450	1	ERR13336527;ERR13336674	ERX12707493;ERX12707640	ENA
W1731	PRJEB73710	A pangenome reference of wild and cultivated rice	PRJEB73710_W1731_WGS	W1731 WGS	genome	PRJEB73710		https://www.ebi.ac.uk/ena/browser/view/PRJEB73710	ENA study=ERP158450; library_strategy=WGS; runs=2; experiments=2; biosamples=1	2	2	ERP158450	1	ERR13336123;ERR13765419	ERX12707089;ERX13166591	ENA
W1732	PRJEB73710	A pangenome reference of wild and cultivated rice	PRJEB73710_W1732_RNASEQ	W1732 RNA-Seq	transcriptome	PRJEB73710		https://www.ebi.ac.uk/ena/browser/view/PRJEB73710	ENA study=ERP158450; library_strategy=RNA-Seq; runs=4; experiments=4; biosamples=1	4	4	ERP158450	1	ERR13336255;ERR13336385;ERR13336528;ERR13336675	ERX12707221;ERX12707351;ERX12707494;ERX12707641	ENA
W1732	PRJEB73710	A pangenome reference of wild and cultivated rice	PRJEB73710_W1732_WGS	W1732 WGS	genome	PRJEB73710		https://www.ebi.ac.uk/ena/browser/view/PRJEB73710	ENA study=ERP158450; library_strategy=WGS; runs=2; experiments=2; biosamples=1	2	2	ERP158450	1	ERR13336124;ERR13765420	ERX12707090;ERX13166592	ENA
W1735	PRJEB73710	A pangenome reference of wild and cultivated rice	PRJEB73710_W1735_RNASEQ	W1735 RNA-Seq	transcriptome	PRJEB73710		https://www.ebi.ac.uk/ena/browser/view/PRJEB73710	ENA study=ERP158450; library_strategy=RNA-Seq; runs=4; experiments=4; biosamples=1	4	4	ERP158450	1	ERR13336256;ERR13336386;ERR13336529;ERR13336676	ERX12707222;ERX12707352;ERX12707495;ERX12707642	ENA
W1735	PRJEB73710	A pangenome reference of wild and cultivated rice	PRJEB73710_W1735_WGS	W1735 WGS	genome	PRJEB73710		https://www.ebi.ac.uk/ena/browser/view/PRJEB73710	ENA study=ERP158450; library_strategy=WGS; runs=2; experiments=2; biosamples=1	2	2	ERP158450	1	ERR13336125;ERR13765421	ERX12707091;ERX13166593	ENA
W1736	PRJEB73710	A pangenome reference of wild and cultivated rice	PRJEB73710_W1736_RNASEQ	W1736 RNA-Seq	transcriptome	PRJEB73710		https://www.ebi.ac.uk/ena/browser/view/PRJEB73710	ENA study=ERP158450; library_strategy=RNA-Seq; runs=4; experiments=4; biosamples=1	4	4	ERP158450	1	ERR13336257;ERR13336387;ERR13336530;ERR13336677	ERX12707223;ERX12707353;ERX12707496;ERX12707643	ENA
W1736	PRJEB73710	A pangenome reference of wild and cultivated rice	PRJEB73710_W1736_WGS	W1736 WGS	genome	PRJEB73710		https://www.ebi.ac.uk/ena/browser/view/PRJEB73710	ENA study=ERP158450; library_strategy=WGS; runs=2; experiments=2; biosamples=1	2	2	ERP158450	1	ERR13336126;ERR13765422	ERX12707092;ERX13166594	ENA
W1737	PRJEB73710	A pangenome reference of wild and cultivated rice	PRJEB73710_W1737_RNASEQ	W1737 RNA-Seq	transcriptome	PRJEB73710		https://www.ebi.ac.uk/ena/browser/view/PRJEB73710	ENA study=ERP158450; library_strategy=RNA-Seq; runs=4; experiments=4; biosamples=1	4	4	ERP158450	1	ERR13336258;ERR13336388;ERR13336531;ERR13336678	ERX12707224;ERX12707354;ERX12707497;ERX12707644	ENA
W1737	PRJEB73710	A pangenome reference of wild and cultivated rice	PRJEB73710_W1737_WGS	W1737 WGS	genome	PRJEB73710		https://www.ebi.ac.uk/ena/browser/view/PRJEB73710	ENA study=ERP158450; library_strategy=WGS; runs=2; experiments=2; biosamples=1	2	2	ERP158450	1	ERR13336127;ERR13765423	ERX12707093;ERX13166595	ENA
W1742	PRJEB73710	A pangenome reference of wild and cultivated rice	PRJEB73710_W1742_RNASEQ	W1742 RNA-Seq	transcriptome	PRJEB73710		https://www.ebi.ac.uk/ena/browser/view/PRJEB73710	ENA study=ERP158450; library_strategy=RNA-Seq; runs=4; experiments=4; biosamples=1	4	4	ERP158450	1	ERR13336259;ERR13336389;ERR13336532;ERR13336679	ERX12707225;ERX12707355;ERX12707498;ERX12707645	ENA
W1742	PRJEB73710	A pangenome reference of wild and cultivated rice	PRJEB73710_W1742_WGS	W1742 WGS	genome	PRJEB73710		https://www.ebi.ac.uk/ena/browser/view/PRJEB73710	ENA study=ERP158450; library_strategy=WGS; runs=2; experiments=2; biosamples=1	2	2	ERP158450	1	ERR13336128;ERR13765424	ERX12707094;ERX13166596	ENA
W1748	PRJEB73710	A pangenome reference of wild and cultivated rice	PRJEB73710_W1748_RNASEQ	W1748 RNA-Seq	transcriptome	PRJEB73710		https://www.ebi.ac.uk/ena/browser/view/PRJEB73710	ENA study=ERP158450; library_strategy=RNA-Seq; runs=4; experiments=4; biosamples=1	4	4	ERP158450	1	ERR13336260;ERR13336390;ERR13336533;ERR13336680	ERX12707226;ERX12707356;ERX12707499;ERX12707646	ENA
W1748	PRJEB73710	A pangenome reference of wild and cultivated rice	PRJEB73710_W1748_WGS	W1748 WGS	genome	PRJEB73710		https://www.ebi.ac.uk/ena/browser/view/PRJEB73710	ENA study=ERP158450; library_strategy=WGS; runs=2; experiments=2; biosamples=1	2	2	ERP158450	1	ERR13336050;ERR13765425	ERX12707016;ERX13166597	ENA
W1750	PRJEB73710	A pangenome reference of wild and cultivated rice	PRJEB73710_W1750_HIC	W1750 Hi-C	hic	PRJEB73710		https://www.ebi.ac.uk/ena/browser/view/PRJEB73710	ENA study=ERP158450; library_strategy=Hi-C; runs=1; experiments=1; biosamples=1	1	1	ERP158450	1	ERR13765519	ERX13166691	ENA
W1750	PRJEB73710	A pangenome reference of wild and cultivated rice	PRJEB73710_W1750_RNASEQ	W1750 RNA-Seq	transcriptome	PRJEB73710		https://www.ebi.ac.uk/ena/browser/view/PRJEB73710	ENA study=ERP158450; library_strategy=RNA-Seq; runs=4; experiments=4; biosamples=1	4	4	ERP158450	1	ERR13336261;ERR13336391;ERR13336534;ERR13336681	ERX12707227;ERX12707357;ERX12707500;ERX12707647	ENA
W1750	PRJEB73710	A pangenome reference of wild and cultivated rice	PRJEB73710_W1750_WGS	W1750 WGS	genome	PRJEB73710		https://www.ebi.ac.uk/ena/browser/view/PRJEB73710	ENA study=ERP158450; library_strategy=WGS; runs=2; experiments=2; biosamples=1	2	2	ERP158450	1	ERR13336129;ERR13765426	ERX12707095;ERX13166598	ENA
W1777	PRJEB73710	A pangenome reference of wild and cultivated rice	PRJEB73710_W1777_HIC	W1777 Hi-C	hic	PRJEB73710		https://www.ebi.ac.uk/ena/browser/view/PRJEB73710	ENA study=ERP158450; library_strategy=Hi-C; runs=1; experiments=1; biosamples=1	1	1	ERP158450	1	ERR13765520	ERX13166692	ENA
W1777	PRJEB73710	A pangenome reference of wild and cultivated rice	PRJEB73710_W1777_RNASEQ	W1777 RNA-Seq	transcriptome	PRJEB73710		https://www.ebi.ac.uk/ena/browser/view/PRJEB73710	ENA study=ERP158450; library_strategy=RNA-Seq; runs=4; experiments=4; biosamples=1	4	4	ERP158450	1	ERR13336262;ERR13336392;ERR13336535;ERR13336682	ERX12707228;ERX12707358;ERX12707501;ERX12707648	ENA
W1777	PRJEB73710	A pangenome reference of wild and cultivated rice	PRJEB73710_W1777_WGS	W1777 WGS	genome	PRJEB73710		https://www.ebi.ac.uk/ena/browser/view/PRJEB73710	ENA study=ERP158450; library_strategy=WGS; runs=2; experiments=2; biosamples=1	2	2	ERP158450	1	ERR13336130;ERR13765427	ERX12707096;ERX13166599	ENA
W1783	PRJEB73710	A pangenome reference of wild and cultivated rice	PRJEB73710_W1783_HIC	W1783 Hi-C	hic	PRJEB73710		https://www.ebi.ac.uk/ena/browser/view/PRJEB73710	ENA study=ERP158450; library_strategy=Hi-C; runs=1; experiments=1; biosamples=1	1	1	ERP158450	1	ERR13765521	ERX13166693	ENA
W1783	PRJEB73710	A pangenome reference of wild and cultivated rice	PRJEB73710_W1783_RNASEQ	W1783 RNA-Seq	transcriptome	PRJEB73710		https://www.ebi.ac.uk/ena/browser/view/PRJEB73710	ENA study=ERP158450; library_strategy=RNA-Seq; runs=4; experiments=4; biosamples=1	4	4	ERP158450	1	ERR13336263;ERR13336393;ERR13336536;ERR13336683	ERX12707229;ERX12707359;ERX12707502;ERX12707649	ENA
W1783	PRJEB73710	A pangenome reference of wild and cultivated rice	PRJEB73710_W1783_WGS	W1783 WGS	genome	PRJEB73710		https://www.ebi.ac.uk/ena/browser/view/PRJEB73710	ENA study=ERP158450; library_strategy=WGS; runs=2; experiments=2; biosamples=1	2	2	ERP158450	1	ERR13336131;ERR13765428	ERX12707097;ERX13166600	ENA
W1787	PRJEB73710	A pangenome reference of wild and cultivated rice	PRJEB73710_W1787_HIC	W1787 Hi-C	hic	PRJEB73710		https://www.ebi.ac.uk/ena/browser/view/PRJEB73710	ENA study=ERP158450; library_strategy=Hi-C; runs=1; experiments=1; biosamples=1	1	1	ERP158450	1	ERR13765522	ERX13166694	ENA
W1787	PRJEB73710	A pangenome reference of wild and cultivated rice	PRJEB73710_W1787_RNASEQ	W1787 RNA-Seq	transcriptome	PRJEB73710		https://www.ebi.ac.uk/ena/browser/view/PRJEB73710	ENA study=ERP158450; library_strategy=RNA-Seq; runs=4; experiments=4; biosamples=1	4	4	ERP158450	1	ERR13336264;ERR13336394;ERR13336537;ERR13336684	ERX12707230;ERX12707360;ERX12707503;ERX12707650	ENA
W1787	PRJEB73710	A pangenome reference of wild and cultivated rice	PRJEB73710_W1787_WGS	W1787 WGS	genome	PRJEB73710		https://www.ebi.ac.uk/ena/browser/view/PRJEB73710	ENA study=ERP158450; library_strategy=WGS; runs=2; experiments=2; biosamples=1	2	2	ERP158450	1	ERR13336132;ERR13765429	ERX12707098;ERX13166601	ENA
W1809	PRJEB73710	A pangenome reference of wild and cultivated rice	PRJEB73710_W1809_RNASEQ	W1809 RNA-Seq	transcriptome	PRJEB73710		https://www.ebi.ac.uk/ena/browser/view/PRJEB73710	ENA study=ERP158450; library_strategy=RNA-Seq; runs=4; experiments=4; biosamples=1	4	4	ERP158450	1	ERR13336265;ERR13336395;ERR13336538;ERR13336685	ERX12707231;ERX12707361;ERX12707504;ERX12707651	ENA
W1809	PRJEB73710	A pangenome reference of wild and cultivated rice	PRJEB73710_W1809_WGS	W1809 WGS	genome	PRJEB73710		https://www.ebi.ac.uk/ena/browser/view/PRJEB73710	ENA study=ERP158450; library_strategy=WGS; runs=2; experiments=2; biosamples=1	2	2	ERP158450	1	ERR13336133;ERR13765430	ERX12707099;ERX13166602	ENA
W1810	PRJEB73710	A pangenome reference of wild and cultivated rice	PRJEB73710_W1810_RNASEQ	W1810 RNA-Seq	transcriptome	PRJEB73710		https://www.ebi.ac.uk/ena/browser/view/PRJEB73710	ENA study=ERP158450; library_strategy=RNA-Seq; runs=4; experiments=4; biosamples=1	4	4	ERP158450	1	ERR13336266;ERR13336396;ERR13336539;ERR13336686	ERX12707232;ERX12707362;ERX12707505;ERX12707652	ENA
W1810	PRJEB73710	A pangenome reference of wild and cultivated rice	PRJEB73710_W1810_WGS	W1810 WGS	genome	PRJEB73710		https://www.ebi.ac.uk/ena/browser/view/PRJEB73710	ENA study=ERP158450; library_strategy=WGS; runs=2; experiments=2; biosamples=1	2	2	ERP158450	1	ERR13336134;ERR13765431	ERX12707100;ERX13166603	ENA
W1825	PRJEB73710	A pangenome reference of wild and cultivated rice	PRJEB73710_W1825_RNASEQ	W1825 RNA-Seq	transcriptome	PRJEB73710		https://www.ebi.ac.uk/ena/browser/view/PRJEB73710	ENA study=ERP158450; library_strategy=RNA-Seq; runs=4; experiments=4; biosamples=1	4	4	ERP158450	1	ERR13336267;ERR13336397;ERR13336540;ERR13336687	ERX12707233;ERX12707363;ERX12707506;ERX12707653	ENA
W1825	PRJEB73710	A pangenome reference of wild and cultivated rice	PRJEB73710_W1825_WGS	W1825 WGS	genome	PRJEB73710		https://www.ebi.ac.uk/ena/browser/view/PRJEB73710	ENA study=ERP158450; library_strategy=WGS; runs=2; experiments=2; biosamples=1	2	2	ERP158450	1	ERR13336135;ERR13765432	ERX12707101;ERX13166604	ENA
W1839	PRJEB73710	A pangenome reference of wild and cultivated rice	PRJEB73710_W1839_RNASEQ	W1839 RNA-Seq	transcriptome	PRJEB73710		https://www.ebi.ac.uk/ena/browser/view/PRJEB73710	ENA study=ERP158450; library_strategy=RNA-Seq; runs=4; experiments=4; biosamples=1	4	4	ERP158450	1	ERR13336268;ERR13336398;ERR13336541;ERR13336688	ERX12707234;ERX12707364;ERX12707507;ERX12707654	ENA
W1839	PRJEB73710	A pangenome reference of wild and cultivated rice	PRJEB73710_W1839_WGS	W1839 WGS	genome	PRJEB73710		https://www.ebi.ac.uk/ena/browser/view/PRJEB73710	ENA study=ERP158450; library_strategy=WGS; runs=2; experiments=2; biosamples=1	2	2	ERP158450	1	ERR13336136;ERR13765433	ERX12707102;ERX13166605	ENA
W1859	PRJEB73710	A pangenome reference of wild and cultivated rice	PRJEB73710_W1859_RNASEQ	W1859 RNA-Seq	transcriptome	PRJEB73710		https://www.ebi.ac.uk/ena/browser/view/PRJEB73710	ENA study=ERP158450; library_strategy=RNA-Seq; runs=4; experiments=4; biosamples=1	4	4	ERP158450	1	ERR13336269;ERR13336399;ERR13336542;ERR13336689	ERX12707235;ERX12707365;ERX12707508;ERX12707655	ENA
W1859	PRJEB73710	A pangenome reference of wild and cultivated rice	PRJEB73710_W1859_WGS	W1859 WGS	genome	PRJEB73710		https://www.ebi.ac.uk/ena/browser/view/PRJEB73710	ENA study=ERP158450; library_strategy=WGS; runs=2; experiments=2; biosamples=1	2	2	ERP158450	1	ERR13336137;ERR13765434	ERX12707103;ERX13166606	ENA
W1865	PRJEB73710	A pangenome reference of wild and cultivated rice	PRJEB73710_W1865_RNASEQ	W1865 RNA-Seq	transcriptome	PRJEB73710		https://www.ebi.ac.uk/ena/browser/view/PRJEB73710	ENA study=ERP158450; library_strategy=RNA-Seq; runs=3; experiments=3; biosamples=1	3	3	ERP158450	1	ERR13336400;ERR13336543;ERR13336690	ERX12707366;ERX12707509;ERX12707656	ENA
W1865	PRJEB73710	A pangenome reference of wild and cultivated rice	PRJEB73710_W1865_WGS	W1865 WGS	genome	PRJEB73710		https://www.ebi.ac.uk/ena/browser/view/PRJEB73710	ENA study=ERP158450; library_strategy=WGS; runs=1; experiments=1; biosamples=1	1	1	ERP158450	1	ERR13336138	ERX12707104	ENA
W1880	PRJEB73710	A pangenome reference of wild and cultivated rice	PRJEB73710_W1880_RNASEQ	W1880 RNA-Seq	transcriptome	PRJEB73710		https://www.ebi.ac.uk/ena/browser/view/PRJEB73710	ENA study=ERP158450; library_strategy=RNA-Seq; runs=4; experiments=4; biosamples=1	4	4	ERP158450	1	ERR13336270;ERR13336401;ERR13336544;ERR13336691	ERX12707236;ERX12707367;ERX12707510;ERX12707657	ENA
W1880	PRJEB73710	A pangenome reference of wild and cultivated rice	PRJEB73710_W1880_WGS	W1880 WGS	genome	PRJEB73710		https://www.ebi.ac.uk/ena/browser/view/PRJEB73710	ENA study=ERP158450; library_strategy=WGS; runs=2; experiments=2; biosamples=1	2	2	ERP158450	1	ERR13336139;ERR13765435	ERX12707105;ERX13166607	ENA
W1890	PRJEB73710	A pangenome reference of wild and cultivated rice	PRJEB73710_W1890_RNASEQ	W1890 RNA-Seq	transcriptome	PRJEB73710		https://www.ebi.ac.uk/ena/browser/view/PRJEB73710	ENA study=ERP158450; library_strategy=RNA-Seq; runs=4; experiments=4; biosamples=1	4	4	ERP158450	1	ERR13336271;ERR13336402;ERR13336545;ERR13336692	ERX12707237;ERX12707368;ERX12707511;ERX12707658	ENA
W1890	PRJEB73710	A pangenome reference of wild and cultivated rice	PRJEB73710_W1890_WGS	W1890 WGS	genome	PRJEB73710		https://www.ebi.ac.uk/ena/browser/view/PRJEB73710	ENA study=ERP158450; library_strategy=WGS; runs=2; experiments=2; biosamples=1	2	2	ERP158450	1	ERR13336140;ERR13765436	ERX12707106;ERX13166608	ENA
W1895	PRJEB73710	A pangenome reference of wild and cultivated rice	PRJEB73710_W1895_RNASEQ	W1895 RNA-Seq	transcriptome	PRJEB73710		https://www.ebi.ac.uk/ena/browser/view/PRJEB73710	ENA study=ERP158450; library_strategy=RNA-Seq; runs=2; experiments=2; biosamples=1	2	2	ERP158450	1	ERR13336546;ERR13336693	ERX12707512;ERX12707659	ENA
W1895	PRJEB73710	A pangenome reference of wild and cultivated rice	PRJEB73710_W1895_WGS	W1895 WGS	genome	PRJEB73710		https://www.ebi.ac.uk/ena/browser/view/PRJEB73710	ENA study=ERP158450; library_strategy=WGS; runs=2; experiments=2; biosamples=1	2	2	ERP158450	1	ERR13336141;ERR13765437	ERX12707107;ERX13166609	ENA
W1919	PRJEB73710	A pangenome reference of wild and cultivated rice	PRJEB73710_W1919_HIC	W1919 Hi-C	hic	PRJEB73710		https://www.ebi.ac.uk/ena/browser/view/PRJEB73710	ENA study=ERP158450; library_strategy=Hi-C; runs=1; experiments=1; biosamples=1	1	1	ERP158450	1	ERR13765523	ERX13166695	ENA
W1919	PRJEB73710	A pangenome reference of wild and cultivated rice	PRJEB73710_W1919_RNASEQ	W1919 RNA-Seq	transcriptome	PRJEB73710		https://www.ebi.ac.uk/ena/browser/view/PRJEB73710	ENA study=ERP158450; library_strategy=RNA-Seq; runs=2; experiments=2; biosamples=1	2	2	ERP158450	1	ERR13336547;ERR13336694	ERX12707513;ERX12707660	ENA
W1919	PRJEB73710	A pangenome reference of wild and cultivated rice	PRJEB73710_W1919_WGS	W1919 WGS	genome	PRJEB73710		https://www.ebi.ac.uk/ena/browser/view/PRJEB73710	ENA study=ERP158450; library_strategy=WGS; runs=2; experiments=2; biosamples=1	2	2	ERP158450	1	ERR13336142;ERR13765438	ERX12707108;ERX13166610	ENA
W1943	PRJEB73710	A pangenome reference of wild and cultivated rice	PRJEB73710_W1943_HIC	W1943 Hi-C	hic	PRJEB73710		https://www.ebi.ac.uk/ena/browser/view/PRJEB73710	ENA study=ERP158450; library_strategy=Hi-C; runs=2; experiments=2; biosamples=1	2	2	ERP158450	1	ERR13336190;ERR13765524	ERX12707156;ERX13166696	ENA
W1943	PRJEB73710	A pangenome reference of wild and cultivated rice	PRJEB73710_W1943_RNASEQ	W1943 RNA-Seq	transcriptome	PRJEB73710		https://www.ebi.ac.uk/ena/browser/view/PRJEB73710	ENA study=ERP158450; library_strategy=RNA-Seq; runs=4; experiments=4; biosamples=1	4	4	ERP158450	1	ERR13336272;ERR13336403;ERR13336548;ERR13336695	ERX12707238;ERX12707369;ERX12707514;ERX12707661	ENA
W1943	PRJEB73710	A pangenome reference of wild and cultivated rice	PRJEB73710_W1943_WGS	W1943 WGS	genome	PRJEB73710		https://www.ebi.ac.uk/ena/browser/view/PRJEB73710	ENA study=ERP158450; library_strategy=WGS; runs=2; experiments=2; biosamples=1	2	2	ERP158450	1	ERR13336143;ERR13765439	ERX12707109;ERX13166611	ENA
W1970	PRJEB73710	A pangenome reference of wild and cultivated rice	PRJEB73710_W1970_RNASEQ	W1970 RNA-Seq	transcriptome	PRJEB73710		https://www.ebi.ac.uk/ena/browser/view/PRJEB73710	ENA study=ERP158450; library_strategy=RNA-Seq; runs=4; experiments=4; biosamples=1	4	4	ERP158450	1	ERR13336273;ERR13336404;ERR13336549;ERR13336696	ERX12707239;ERX12707370;ERX12707515;ERX12707662	ENA
W1970	PRJEB73710	A pangenome reference of wild and cultivated rice	PRJEB73710_W1970_WGS	W1970 WGS	genome	PRJEB73710		https://www.ebi.ac.uk/ena/browser/view/PRJEB73710	ENA study=ERP158450; library_strategy=WGS; runs=2; experiments=2; biosamples=1	2	2	ERP158450	1	ERR13336144;ERR13765440	ERX12707110;ERX13166612	ENA
W1976	PRJEB73710	A pangenome reference of wild and cultivated rice	PRJEB73710_W1976_RNASEQ	W1976 RNA-Seq	transcriptome	PRJEB73710		https://www.ebi.ac.uk/ena/browser/view/PRJEB73710	ENA study=ERP158450; library_strategy=RNA-Seq; runs=4; experiments=4; biosamples=1	4	4	ERP158450	1	ERR13336274;ERR13336405;ERR13336550;ERR13336697	ERX12707240;ERX12707371;ERX12707516;ERX12707663	ENA
W1976	PRJEB73710	A pangenome reference of wild and cultivated rice	PRJEB73710_W1976_WGS	W1976 WGS	genome	PRJEB73710		https://www.ebi.ac.uk/ena/browser/view/PRJEB73710	ENA study=ERP158450; library_strategy=WGS; runs=2; experiments=2; biosamples=1	2	2	ERP158450	1	ERR13336145;ERR13765441	ERX12707111;ERX13166613	ENA
W2005	PRJEB73710	A pangenome reference of wild and cultivated rice	PRJEB73710_W2005_RNASEQ	W2005 RNA-Seq	transcriptome	PRJEB73710		https://www.ebi.ac.uk/ena/browser/view/PRJEB73710	ENA study=ERP158450; library_strategy=RNA-Seq; runs=4; experiments=4; biosamples=1	4	4	ERP158450	1	ERR13336275;ERR13336406;ERR13336551;ERR13336698	ERX12707241;ERX12707372;ERX12707517;ERX12707664	ENA
W2005	PRJEB73710	A pangenome reference of wild and cultivated rice	PRJEB73710_W2005_WGS	W2005 WGS	genome	PRJEB73710		https://www.ebi.ac.uk/ena/browser/view/PRJEB73710	ENA study=ERP158450; library_strategy=WGS; runs=2; experiments=2; biosamples=1	2	2	ERP158450	1	ERR13336146;ERR13765442	ERX12707112;ERX13166614	ENA
W2022	PRJEB73710	A pangenome reference of wild and cultivated rice	PRJEB73710_W2022_RNASEQ	W2022 RNA-Seq	transcriptome	PRJEB73710		https://www.ebi.ac.uk/ena/browser/view/PRJEB73710	ENA study=ERP158450; library_strategy=RNA-Seq; runs=4; experiments=4; biosamples=1	4	4	ERP158450	1	ERR13336276;ERR13336407;ERR13336552;ERR13336699	ERX12707242;ERX12707373;ERX12707518;ERX12707665	ENA
W2022	PRJEB73710	A pangenome reference of wild and cultivated rice	PRJEB73710_W2022_WGS	W2022 WGS	genome	PRJEB73710		https://www.ebi.ac.uk/ena/browser/view/PRJEB73710	ENA study=ERP158450; library_strategy=WGS; runs=2; experiments=2; biosamples=1	2	2	ERP158450	1	ERR13336147;ERR13765443	ERX12707113;ERX13166615	ENA
W2036	PRJEB73710	A pangenome reference of wild and cultivated rice	PRJEB73710_W2036_RNASEQ	W2036 RNA-Seq	transcriptome	PRJEB73710		https://www.ebi.ac.uk/ena/browser/view/PRJEB73710	ENA study=ERP158450; library_strategy=RNA-Seq; runs=4; experiments=4; biosamples=1	4	4	ERP158450	1	ERR13336277;ERR13336408;ERR13336553;ERR13336700	ERX12707243;ERX12707374;ERX12707519;ERX12707666	ENA
W2036	PRJEB73710	A pangenome reference of wild and cultivated rice	PRJEB73710_W2036_WGS	W2036 WGS	genome	PRJEB73710		https://www.ebi.ac.uk/ena/browser/view/PRJEB73710	ENA study=ERP158450; library_strategy=WGS; runs=2; experiments=2; biosamples=1	2	2	ERP158450	1	ERR13336148;ERR13765444	ERX12707114;ERX13166616	ENA
W2051	PRJEB73710	A pangenome reference of wild and cultivated rice	PRJEB73710_W2051_RNASEQ	W2051 RNA-Seq	transcriptome	PRJEB73710		https://www.ebi.ac.uk/ena/browser/view/PRJEB73710	ENA study=ERP158450; library_strategy=RNA-Seq; runs=4; experiments=4; biosamples=1	4	4	ERP158450	1	ERR13336278;ERR13336409;ERR13336554;ERR13336701	ERX12707244;ERX12707375;ERX12707520;ERX12707667	ENA
W2051	PRJEB73710	A pangenome reference of wild and cultivated rice	PRJEB73710_W2051_WGS	W2051 WGS	genome	PRJEB73710		https://www.ebi.ac.uk/ena/browser/view/PRJEB73710	ENA study=ERP158450; library_strategy=WGS; runs=2; experiments=2; biosamples=1	2	2	ERP158450	1	ERR13336149;ERR13765445	ERX12707115;ERX13166617	ENA
W2053	PRJEB73710	A pangenome reference of wild and cultivated rice	PRJEB73710_W2053_RNASEQ	W2053 RNA-Seq	transcriptome	PRJEB73710		https://www.ebi.ac.uk/ena/browser/view/PRJEB73710	ENA study=ERP158450; library_strategy=RNA-Seq; runs=4; experiments=4; biosamples=1	4	4	ERP158450	1	ERR13336279;ERR13336410;ERR13336555;ERR13336702	ERX12707245;ERX12707376;ERX12707521;ERX12707668	ENA
W2053	PRJEB73710	A pangenome reference of wild and cultivated rice	PRJEB73710_W2053_WGS	W2053 WGS	genome	PRJEB73710		https://www.ebi.ac.uk/ena/browser/view/PRJEB73710	ENA study=ERP158450; library_strategy=WGS; runs=2; experiments=2; biosamples=1	2	2	ERP158450	1	ERR13336051;ERR13765446	ERX12707017;ERX13166618	ENA
W2064	PRJEB73710	A pangenome reference of wild and cultivated rice	PRJEB73710_W2064_RNASEQ	W2064 RNA-Seq	transcriptome	PRJEB73710		https://www.ebi.ac.uk/ena/browser/view/PRJEB73710	ENA study=ERP158450; library_strategy=RNA-Seq; runs=4; experiments=4; biosamples=1	4	4	ERP158450	1	ERR13336280;ERR13336411;ERR13336556;ERR13336703	ERX12707246;ERX12707377;ERX12707522;ERX12707669	ENA
W2064	PRJEB73710	A pangenome reference of wild and cultivated rice	PRJEB73710_W2064_WGS	W2064 WGS	genome	PRJEB73710		https://www.ebi.ac.uk/ena/browser/view/PRJEB73710	ENA study=ERP158450; library_strategy=WGS; runs=2; experiments=2; biosamples=1	2	2	ERP158450	1	ERR13336150;ERR13765447	ERX12707116;ERX13166619	ENA
W2066	PRJEB73710	A pangenome reference of wild and cultivated rice	PRJEB73710_W2066_RNASEQ	W2066 RNA-Seq	transcriptome	PRJEB73710		https://www.ebi.ac.uk/ena/browser/view/PRJEB73710	ENA study=ERP158450; library_strategy=RNA-Seq; runs=4; experiments=4; biosamples=1	4	4	ERP158450	1	ERR13336281;ERR13336412;ERR13336557;ERR13336704	ERX12707247;ERX12707378;ERX12707523;ERX12707670	ENA
W2066	PRJEB73710	A pangenome reference of wild and cultivated rice	PRJEB73710_W2066_WGS	W2066 WGS	genome	PRJEB73710		https://www.ebi.ac.uk/ena/browser/view/PRJEB73710	ENA study=ERP158450; library_strategy=WGS; runs=2; experiments=2; biosamples=1	2	2	ERP158450	1	ERR13336151;ERR13765448	ERX12707117;ERX13166620	ENA
W2099	PRJEB73710	A pangenome reference of wild and cultivated rice	PRJEB73710_W2099_HIC	W2099 Hi-C	hic	PRJEB73710		https://www.ebi.ac.uk/ena/browser/view/PRJEB73710	ENA study=ERP158450; library_strategy=Hi-C; runs=1; experiments=1; biosamples=1	1	1	ERP158450	1	ERR13765525	ERX13166697	ENA
W2099	PRJEB73710	A pangenome reference of wild and cultivated rice	PRJEB73710_W2099_RNASEQ	W2099 RNA-Seq	transcriptome	PRJEB73710		https://www.ebi.ac.uk/ena/browser/view/PRJEB73710	ENA study=ERP158450; library_strategy=RNA-Seq; runs=4; experiments=4; biosamples=1	4	4	ERP158450	1	ERR13336282;ERR13336413;ERR13336558;ERR13336705	ERX12707248;ERX12707379;ERX12707524;ERX12707671	ENA
W2099	PRJEB73710	A pangenome reference of wild and cultivated rice	PRJEB73710_W2099_WGS	W2099 WGS	genome	PRJEB73710		https://www.ebi.ac.uk/ena/browser/view/PRJEB73710	ENA study=ERP158450; library_strategy=WGS; runs=2; experiments=2; biosamples=1	2	2	ERP158450	1	ERR13336152;ERR13765449	ERX12707118;ERX13166621	ENA
W2108	PRJEB73710	A pangenome reference of wild and cultivated rice	PRJEB73710_W2108_RNASEQ	W2108 RNA-Seq	transcriptome	PRJEB73710		https://www.ebi.ac.uk/ena/browser/view/PRJEB73710	ENA study=ERP158450; library_strategy=RNA-Seq; runs=4; experiments=4; biosamples=1	4	4	ERP158450	1	ERR13336283;ERR13336414;ERR13336559;ERR13336706	ERX12707249;ERX12707380;ERX12707525;ERX12707672	ENA
W2108	PRJEB73710	A pangenome reference of wild and cultivated rice	PRJEB73710_W2108_WGS	W2108 WGS	genome	PRJEB73710		https://www.ebi.ac.uk/ena/browser/view/PRJEB73710	ENA study=ERP158450; library_strategy=WGS; runs=2; experiments=2; biosamples=1	2	2	ERP158450	1	ERR13336153;ERR13765450	ERX12707119;ERX13166622	ENA
W2197	PRJEB73710	A pangenome reference of wild and cultivated rice	PRJEB73710_W2197_HIC	W2197 Hi-C	hic	PRJEB73710		https://www.ebi.ac.uk/ena/browser/view/PRJEB73710	ENA study=ERP158450; library_strategy=Hi-C; runs=1; experiments=1; biosamples=1	1	1	ERP158450	1	ERR13765526	ERX13166698	ENA
W2197	PRJEB73710	A pangenome reference of wild and cultivated rice	PRJEB73710_W2197_RNASEQ	W2197 RNA-Seq	transcriptome	PRJEB73710		https://www.ebi.ac.uk/ena/browser/view/PRJEB73710	ENA study=ERP158450; library_strategy=RNA-Seq; runs=2; experiments=2; biosamples=1	2	2	ERP158450	1	ERR13336560;ERR13336707	ERX12707526;ERX12707673	ENA
W2197	PRJEB73710	A pangenome reference of wild and cultivated rice	PRJEB73710_W2197_WGS	W2197 WGS	genome	PRJEB73710		https://www.ebi.ac.uk/ena/browser/view/PRJEB73710	ENA study=ERP158450; library_strategy=WGS; runs=2; experiments=2; biosamples=1	2	2	ERP158450	1	ERR13336154;ERR13765451	ERX12707120;ERX13166623	ENA
W2267	PRJEB73710	A pangenome reference of wild and cultivated rice	PRJEB73710_W2267_RNASEQ	W2267 RNA-Seq	transcriptome	PRJEB73710		https://www.ebi.ac.uk/ena/browser/view/PRJEB73710	ENA study=ERP158450; library_strategy=RNA-Seq; runs=4; experiments=4; biosamples=1	4	4	ERP158450	1	ERR13336284;ERR13336415;ERR13336561;ERR13336708	ERX12707250;ERX12707381;ERX12707527;ERX12707674	ENA
W2267	PRJEB73710	A pangenome reference of wild and cultivated rice	PRJEB73710_W2267_WGS	W2267 WGS	genome	PRJEB73710		https://www.ebi.ac.uk/ena/browser/view/PRJEB73710	ENA study=ERP158450; library_strategy=WGS; runs=2; experiments=2; biosamples=1	2	2	ERP158450	1	ERR13336155;ERR13765452	ERX12707121;ERX13166624	ENA
W2275	PRJEB73710	A pangenome reference of wild and cultivated rice	PRJEB73710_W2275_HIC	W2275 Hi-C	hic	PRJEB73710		https://www.ebi.ac.uk/ena/browser/view/PRJEB73710	ENA study=ERP158450; library_strategy=Hi-C; runs=1; experiments=1; biosamples=1	1	1	ERP158450	1	ERR13765527	ERX13166699	ENA
W2275	PRJEB73710	A pangenome reference of wild and cultivated rice	PRJEB73710_W2275_RNASEQ	W2275 RNA-Seq	transcriptome	PRJEB73710		https://www.ebi.ac.uk/ena/browser/view/PRJEB73710	ENA study=ERP158450; library_strategy=RNA-Seq; runs=4; experiments=4; biosamples=1	4	4	ERP158450	1	ERR13336285;ERR13336416;ERR13336562;ERR13336709	ERX12707251;ERX12707382;ERX12707528;ERX12707675	ENA
W2275	PRJEB73710	A pangenome reference of wild and cultivated rice	PRJEB73710_W2275_WGS	W2275 WGS	genome	PRJEB73710		https://www.ebi.ac.uk/ena/browser/view/PRJEB73710	ENA study=ERP158450; library_strategy=WGS; runs=2; experiments=2; biosamples=1	2	2	ERP158450	1	ERR13336156;ERR13765453	ERX12707122;ERX13166625	ENA
W2283	PRJEB73710	A pangenome reference of wild and cultivated rice	PRJEB73710_W2283_RNASEQ	W2283 RNA-Seq	transcriptome	PRJEB73710		https://www.ebi.ac.uk/ena/browser/view/PRJEB73710	ENA study=ERP158450; library_strategy=RNA-Seq; runs=4; experiments=4; biosamples=1	4	4	ERP158450	1	ERR13336286;ERR13336417;ERR13336563;ERR13336710	ERX12707252;ERX12707383;ERX12707529;ERX12707676	ENA
W2283	PRJEB73710	A pangenome reference of wild and cultivated rice	PRJEB73710_W2283_WGS	W2283 WGS	genome	PRJEB73710		https://www.ebi.ac.uk/ena/browser/view/PRJEB73710	ENA study=ERP158450; library_strategy=WGS; runs=2; experiments=2; biosamples=1	2	2	ERP158450	1	ERR13336157;ERR13765454	ERX12707123;ERX13166626	ENA
W2305	PRJEB73710	A pangenome reference of wild and cultivated rice	PRJEB73710_W2305_RNASEQ	W2305 RNA-Seq	transcriptome	PRJEB73710		https://www.ebi.ac.uk/ena/browser/view/PRJEB73710	ENA study=ERP158450; library_strategy=RNA-Seq; runs=4; experiments=4; biosamples=1	4	4	ERP158450	1	ERR13336287;ERR13336418;ERR13336564;ERR13336711	ERX12707253;ERX12707384;ERX12707530;ERX12707677	ENA
W2305	PRJEB73710	A pangenome reference of wild and cultivated rice	PRJEB73710_W2305_WGS	W2305 WGS	genome	PRJEB73710		https://www.ebi.ac.uk/ena/browser/view/PRJEB73710	ENA study=ERP158450; library_strategy=WGS; runs=2; experiments=2; biosamples=1	2	2	ERP158450	1	ERR13336052;ERR13765455	ERX12707018;ERX13166627	ENA
W2308	PRJEB73710	A pangenome reference of wild and cultivated rice	PRJEB73710_W2308_RNASEQ	W2308 RNA-Seq	transcriptome	PRJEB73710		https://www.ebi.ac.uk/ena/browser/view/PRJEB73710	ENA study=ERP158450; library_strategy=RNA-Seq; runs=4; experiments=4; biosamples=1	4	4	ERP158450	1	ERR13336288;ERR13336419;ERR13336565;ERR13336712	ERX12707254;ERX12707385;ERX12707531;ERX12707678	ENA
W2308	PRJEB73710	A pangenome reference of wild and cultivated rice	PRJEB73710_W2308_WGS	W2308 WGS	genome	PRJEB73710		https://www.ebi.ac.uk/ena/browser/view/PRJEB73710	ENA study=ERP158450; library_strategy=WGS; runs=2; experiments=2; biosamples=1	2	2	ERP158450	1	ERR13336158;ERR13765456	ERX12707124;ERX13166628	ENA
W2310	PRJEB73710	A pangenome reference of wild and cultivated rice	PRJEB73710_W2310_RNASEQ	W2310 RNA-Seq	transcriptome	PRJEB73710		https://www.ebi.ac.uk/ena/browser/view/PRJEB73710	ENA study=ERP158450; library_strategy=RNA-Seq; runs=4; experiments=4; biosamples=1	4	4	ERP158450	1	ERR13336289;ERR13336420;ERR13336566;ERR13336713	ERX12707255;ERX12707386;ERX12707532;ERX12707679	ENA
W2310	PRJEB73710	A pangenome reference of wild and cultivated rice	PRJEB73710_W2310_WGS	W2310 WGS	genome	PRJEB73710		https://www.ebi.ac.uk/ena/browser/view/PRJEB73710	ENA study=ERP158450; library_strategy=WGS; runs=2; experiments=2; biosamples=1	2	2	ERP158450	1	ERR13336159;ERR13765457	ERX12707125;ERX13166629	ENA
W2311	PRJEB73710	A pangenome reference of wild and cultivated rice	PRJEB73710_W2311_RNASEQ	W2311 RNA-Seq	transcriptome	PRJEB73710		https://www.ebi.ac.uk/ena/browser/view/PRJEB73710	ENA study=ERP158450; library_strategy=RNA-Seq; runs=3; experiments=3; biosamples=1	3	3	ERP158450	1	ERR13336421;ERR13336567;ERR13336714	ERX12707387;ERX12707533;ERX12707680	ENA
W2311	PRJEB73710	A pangenome reference of wild and cultivated rice	PRJEB73710_W2311_WGS	W2311 WGS	genome	PRJEB73710		https://www.ebi.ac.uk/ena/browser/view/PRJEB73710	ENA study=ERP158450; library_strategy=WGS; runs=2; experiments=2; biosamples=1	2	2	ERP158450	1	ERR13336160;ERR13765458	ERX12707126;ERX13166630	ENA
W2318	PRJEB73710	A pangenome reference of wild and cultivated rice	PRJEB73710_W2318_HIC	W2318 Hi-C	hic	PRJEB73710		https://www.ebi.ac.uk/ena/browser/view/PRJEB73710	ENA study=ERP158450; library_strategy=Hi-C; runs=1; experiments=1; biosamples=1	1	1	ERP158450	1	ERR13765528	ERX13166700	ENA
W2318	PRJEB73710	A pangenome reference of wild and cultivated rice	PRJEB73710_W2318_RNASEQ	W2318 RNA-Seq	transcriptome	PRJEB73710		https://www.ebi.ac.uk/ena/browser/view/PRJEB73710	ENA study=ERP158450; library_strategy=RNA-Seq; runs=4; experiments=4; biosamples=1	4	4	ERP158450	1	ERR13336290;ERR13336422;ERR13336568;ERR13336715	ERX12707256;ERX12707388;ERX12707534;ERX12707681	ENA
W2318	PRJEB73710	A pangenome reference of wild and cultivated rice	PRJEB73710_W2318_WGS	W2318 WGS	genome	PRJEB73710		https://www.ebi.ac.uk/ena/browser/view/PRJEB73710	ENA study=ERP158450; library_strategy=WGS; runs=2; experiments=2; biosamples=1	2	2	ERP158450	1	ERR13336161;ERR13765459	ERX12707127;ERX13166631	ENA
W2319	PRJEB73710	A pangenome reference of wild and cultivated rice	PRJEB73710_W2319_RNASEQ	W2319 RNA-Seq	transcriptome	PRJEB73710		https://www.ebi.ac.uk/ena/browser/view/PRJEB73710	ENA study=ERP158450; library_strategy=RNA-Seq; runs=4; experiments=4; biosamples=1	4	4	ERP158450	1	ERR13336291;ERR13336423;ERR13336569;ERR13336716	ERX12707257;ERX12707389;ERX12707535;ERX12707682	ENA
W2319	PRJEB73710	A pangenome reference of wild and cultivated rice	PRJEB73710_W2319_WGS	W2319 WGS	genome	PRJEB73710		https://www.ebi.ac.uk/ena/browser/view/PRJEB73710	ENA study=ERP158450; library_strategy=WGS; runs=2; experiments=2; biosamples=1	2	2	ERP158450	1	ERR13336162;ERR13765460	ERX12707128;ERX13166632	ENA
W2320	PRJEB73710	A pangenome reference of wild and cultivated rice	PRJEB73710_W2320_RNASEQ	W2320 RNA-Seq	transcriptome	PRJEB73710		https://www.ebi.ac.uk/ena/browser/view/PRJEB73710	ENA study=ERP158450; library_strategy=RNA-Seq; runs=4; experiments=4; biosamples=1	4	4	ERP158450	1	ERR13336292;ERR13336424;ERR13336570;ERR13336717	ERX12707258;ERX12707390;ERX12707536;ERX12707683	ENA
W2320	PRJEB73710	A pangenome reference of wild and cultivated rice	PRJEB73710_W2320_WGS	W2320 WGS	genome	PRJEB73710		https://www.ebi.ac.uk/ena/browser/view/PRJEB73710	ENA study=ERP158450; library_strategy=WGS; runs=2; experiments=2; biosamples=1	2	2	ERP158450	1	ERR13336163;ERR13765461	ERX12707129;ERX13166633	ENA
W2321	PRJEB73710	A pangenome reference of wild and cultivated rice	PRJEB73710_W2321_RNASEQ	W2321 RNA-Seq	transcriptome	PRJEB73710		https://www.ebi.ac.uk/ena/browser/view/PRJEB73710	ENA study=ERP158450; library_strategy=RNA-Seq; runs=4; experiments=4; biosamples=1	4	4	ERP158450	1	ERR13336293;ERR13336425;ERR13336571;ERR13336718	ERX12707259;ERX12707391;ERX12707537;ERX12707684	ENA
W2321	PRJEB73710	A pangenome reference of wild and cultivated rice	PRJEB73710_W2321_WGS	W2321 WGS	genome	PRJEB73710		https://www.ebi.ac.uk/ena/browser/view/PRJEB73710	ENA study=ERP158450; library_strategy=WGS; runs=2; experiments=2; biosamples=1	2	2	ERP158450	1	ERR13336164;ERR13765462	ERX12707130;ERX13166634	ENA
W2332	PRJEB73710	A pangenome reference of wild and cultivated rice	PRJEB73710_W2332_RNASEQ	W2332 RNA-Seq	transcriptome	PRJEB73710		https://www.ebi.ac.uk/ena/browser/view/PRJEB73710	ENA study=ERP158450; library_strategy=RNA-Seq; runs=4; experiments=4; biosamples=1	4	4	ERP158450	1	ERR13336294;ERR13336426;ERR13336572;ERR13336719	ERX12707260;ERX12707392;ERX12707538;ERX12707685	ENA
W2332	PRJEB73710	A pangenome reference of wild and cultivated rice	PRJEB73710_W2332_WGS	W2332 WGS	genome	PRJEB73710		https://www.ebi.ac.uk/ena/browser/view/PRJEB73710	ENA study=ERP158450; library_strategy=WGS; runs=2; experiments=2; biosamples=1	2	2	ERP158450	1	ERR13336165;ERR13765463	ERX12707131;ERX13166635	ENA
W3000	PRJEB73710	A pangenome reference of wild and cultivated rice	PRJEB73710_W3000_RNASEQ	W3000 RNA-Seq	transcriptome	PRJEB73710		https://www.ebi.ac.uk/ena/browser/view/PRJEB73710	ENA study=ERP158450; library_strategy=RNA-Seq; runs=3; experiments=3; biosamples=1	3	3	ERP158450	1	ERR13336427;ERR13336573;ERR13336720	ERX12707393;ERX12707539;ERX12707686	ENA
W3000	PRJEB73710	A pangenome reference of wild and cultivated rice	PRJEB73710_W3000_WGS	W3000 WGS	genome	PRJEB73710		https://www.ebi.ac.uk/ena/browser/view/PRJEB73710	ENA study=ERP158450; library_strategy=WGS; runs=2; experiments=2; biosamples=1	2	2	ERP158450	1	ERR13336166;ERR13765464	ERX12707132;ERX13166636	ENA
W3007	PRJEB73710	A pangenome reference of wild and cultivated rice	PRJEB73710_W3007_RNASEQ	W3007 RNA-Seq	transcriptome	PRJEB73710		https://www.ebi.ac.uk/ena/browser/view/PRJEB73710	ENA study=ERP158450; library_strategy=RNA-Seq; runs=4; experiments=4; biosamples=1	4	4	ERP158450	1	ERR13336295;ERR13336428;ERR13336574;ERR13336721	ERX12707261;ERX12707394;ERX12707540;ERX12707687	ENA
W3007	PRJEB73710	A pangenome reference of wild and cultivated rice	PRJEB73710_W3007_WGS	W3007 WGS	genome	PRJEB73710		https://www.ebi.ac.uk/ena/browser/view/PRJEB73710	ENA study=ERP158450; library_strategy=WGS; runs=2; experiments=2; biosamples=1	2	2	ERP158450	1	ERR13336053;ERR13765465	ERX12707019;ERX13166637	ENA
W3009	PRJEB73710	A pangenome reference of wild and cultivated rice	PRJEB73710_W3009_RNASEQ	W3009 RNA-Seq	transcriptome	PRJEB73710		https://www.ebi.ac.uk/ena/browser/view/PRJEB73710	ENA study=ERP158450; library_strategy=RNA-Seq; runs=4; experiments=4; biosamples=1	4	4	ERP158450	1	ERR13336296;ERR13336429;ERR13336575;ERR13336722	ERX12707262;ERX12707395;ERX12707541;ERX12707688	ENA
W3009	PRJEB73710	A pangenome reference of wild and cultivated rice	PRJEB73710_W3009_WGS	W3009 WGS	genome	PRJEB73710		https://www.ebi.ac.uk/ena/browser/view/PRJEB73710	ENA study=ERP158450; library_strategy=WGS; runs=2; experiments=2; biosamples=1	2	2	ERP158450	1	ERR13336167;ERR13765466	ERX12707133;ERX13166638	ENA
W3012	PRJEB73710	A pangenome reference of wild and cultivated rice	PRJEB73710_W3012_RNASEQ	W3012 RNA-Seq	transcriptome	PRJEB73710		https://www.ebi.ac.uk/ena/browser/view/PRJEB73710	ENA study=ERP158450; library_strategy=RNA-Seq; runs=4; experiments=4; biosamples=1	4	4	ERP158450	1	ERR13336297;ERR13336430;ERR13336576;ERR13336723	ERX12707263;ERX12707396;ERX12707542;ERX12707689	ENA
W3012	PRJEB73710	A pangenome reference of wild and cultivated rice	PRJEB73710_W3012_WGS	W3012 WGS	genome	PRJEB73710		https://www.ebi.ac.uk/ena/browser/view/PRJEB73710	ENA study=ERP158450; library_strategy=WGS; runs=2; experiments=2; biosamples=1	2	2	ERP158450	1	ERR13336168;ERR13765467	ERX12707134;ERX13166639	ENA
W3029	PRJEB73710	A pangenome reference of wild and cultivated rice	PRJEB73710_W3029_RNASEQ	W3029 RNA-Seq	transcriptome	PRJEB73710		https://www.ebi.ac.uk/ena/browser/view/PRJEB73710	ENA study=ERP158450; library_strategy=RNA-Seq; runs=4; experiments=4; biosamples=1	4	4	ERP158450	1	ERR13336298;ERR13336431;ERR13336577;ERR13336724	ERX12707264;ERX12707397;ERX12707543;ERX12707690	ENA
W3029	PRJEB73710	A pangenome reference of wild and cultivated rice	PRJEB73710_W3029_WGS	W3029 WGS	genome	PRJEB73710		https://www.ebi.ac.uk/ena/browser/view/PRJEB73710	ENA study=ERP158450; library_strategy=WGS; runs=2; experiments=2; biosamples=1	2	2	ERP158450	1	ERR13336169;ERR13765468	ERX12707135;ERX13166640	ENA
W3033	PRJEB73710	A pangenome reference of wild and cultivated rice	PRJEB73710_W3033_RNASEQ	W3033 RNA-Seq	transcriptome	PRJEB73710		https://www.ebi.ac.uk/ena/browser/view/PRJEB73710	ENA study=ERP158450; library_strategy=RNA-Seq; runs=4; experiments=4; biosamples=1	4	4	ERP158450	1	ERR13336299;ERR13336432;ERR13336578;ERR13336725	ERX12707265;ERX12707398;ERX12707544;ERX12707691	ENA
W3033	PRJEB73710	A pangenome reference of wild and cultivated rice	PRJEB73710_W3033_WGS	W3033 WGS	genome	PRJEB73710		https://www.ebi.ac.uk/ena/browser/view/PRJEB73710	ENA study=ERP158450; library_strategy=WGS; runs=2; experiments=2; biosamples=1	2	2	ERP158450	1	ERR13336170;ERR13765469	ERX12707136;ERX13166641	ENA
W3035	PRJEB73710	A pangenome reference of wild and cultivated rice	PRJEB73710_W3035_RNASEQ	W3035 RNA-Seq	transcriptome	PRJEB73710		https://www.ebi.ac.uk/ena/browser/view/PRJEB73710	ENA study=ERP158450; library_strategy=RNA-Seq; runs=3; experiments=3; biosamples=1	3	3	ERP158450	1	ERR13336300;ERR13336579;ERR13336726	ERX12707266;ERX12707545;ERX12707692	ENA
W3035	PRJEB73710	A pangenome reference of wild and cultivated rice	PRJEB73710_W3035_WGS	W3035 WGS	genome	PRJEB73710		https://www.ebi.ac.uk/ena/browser/view/PRJEB73710	ENA study=ERP158450; library_strategy=WGS; runs=2; experiments=2; biosamples=1	2	2	ERP158450	1	ERR13336171;ERR13765470	ERX12707137;ERX13166642	ENA
W3037	PRJEB73710	A pangenome reference of wild and cultivated rice	PRJEB73710_W3037_HIC	W3037 Hi-C	hic	PRJEB73710		https://www.ebi.ac.uk/ena/browser/view/PRJEB73710	ENA study=ERP158450; library_strategy=Hi-C; runs=1; experiments=1; biosamples=1	1	1	ERP158450	1	ERR13765529	ERX13166701	ENA
W3037	PRJEB73710	A pangenome reference of wild and cultivated rice	PRJEB73710_W3037_RNASEQ	W3037 RNA-Seq	transcriptome	PRJEB73710		https://www.ebi.ac.uk/ena/browser/view/PRJEB73710	ENA study=ERP158450; library_strategy=RNA-Seq; runs=3; experiments=3; biosamples=1	3	3	ERP158450	1	ERR13336433;ERR13336580;ERR13336727	ERX12707399;ERX12707546;ERX12707693	ENA
W3037	PRJEB73710	A pangenome reference of wild and cultivated rice	PRJEB73710_W3037_WGS	W3037 WGS	genome	PRJEB73710		https://www.ebi.ac.uk/ena/browser/view/PRJEB73710	ENA study=ERP158450; library_strategy=WGS; runs=2; experiments=2; biosamples=1	2	2	ERP158450	1	ERR13336172;ERR13765471	ERX12707138;ERX13166643	ENA
W3038	PRJEB73710	A pangenome reference of wild and cultivated rice	PRJEB73710_W3038_RNASEQ	W3038 RNA-Seq	transcriptome	PRJEB73710		https://www.ebi.ac.uk/ena/browser/view/PRJEB73710	ENA study=ERP158450; library_strategy=RNA-Seq; runs=4; experiments=4; biosamples=1	4	4	ERP158450	1	ERR13336301;ERR13336434;ERR13336581;ERR13336728	ERX12707267;ERX12707400;ERX12707547;ERX12707694	ENA
W3038	PRJEB73710	A pangenome reference of wild and cultivated rice	PRJEB73710_W3038_WGS	W3038 WGS	genome	PRJEB73710		https://www.ebi.ac.uk/ena/browser/view/PRJEB73710	ENA study=ERP158450; library_strategy=WGS; runs=2; experiments=2; biosamples=1	2	2	ERP158450	1	ERR13336054;ERR13765472	ERX12707020;ERX13166644	ENA
W3040	PRJEB73710	A pangenome reference of wild and cultivated rice	PRJEB73710_W3040_RNASEQ	W3040 RNA-Seq	transcriptome	PRJEB73710		https://www.ebi.ac.uk/ena/browser/view/PRJEB73710	ENA study=ERP158450; library_strategy=RNA-Seq; runs=4; experiments=4; biosamples=1	4	4	ERP158450	1	ERR13336302;ERR13336435;ERR13336582;ERR13336729	ERX12707268;ERX12707401;ERX12707548;ERX12707695	ENA
W3040	PRJEB73710	A pangenome reference of wild and cultivated rice	PRJEB73710_W3040_WGS	W3040 WGS	genome	PRJEB73710		https://www.ebi.ac.uk/ena/browser/view/PRJEB73710	ENA study=ERP158450; library_strategy=WGS; runs=2; experiments=2; biosamples=1	2	2	ERP158450	1	ERR13336055;ERR13765473	ERX12707021;ERX13166645	ENA
W3046	PRJEB73710	A pangenome reference of wild and cultivated rice	PRJEB73710_W3046_HIC	W3046 Hi-C	hic	PRJEB73710		https://www.ebi.ac.uk/ena/browser/view/PRJEB73710	ENA study=ERP158450; library_strategy=Hi-C; runs=1; experiments=1; biosamples=1	1	1	ERP158450	1	ERR13765530	ERX13166702	ENA
W3046	PRJEB73710	A pangenome reference of wild and cultivated rice	PRJEB73710_W3046_RNASEQ	W3046 RNA-Seq	transcriptome	PRJEB73710		https://www.ebi.ac.uk/ena/browser/view/PRJEB73710	ENA study=ERP158450; library_strategy=RNA-Seq; runs=3; experiments=3; biosamples=1	3	3	ERP158450	1	ERR13336436;ERR13336583;ERR13336730	ERX12707402;ERX12707549;ERX12707696	ENA
W3046	PRJEB73710	A pangenome reference of wild and cultivated rice	PRJEB73710_W3046_WGS	W3046 WGS	genome	PRJEB73710		https://www.ebi.ac.uk/ena/browser/view/PRJEB73710	ENA study=ERP158450; library_strategy=WGS; runs=2; experiments=2; biosamples=1	2	2	ERP158450	1	ERR13336173;ERR13765474	ERX12707139;ERX13166646	ENA
W3047	PRJEB73710	A pangenome reference of wild and cultivated rice	PRJEB73710_W3047_RNASEQ	W3047 RNA-Seq	transcriptome	PRJEB73710		https://www.ebi.ac.uk/ena/browser/view/PRJEB73710	ENA study=ERP158450; library_strategy=RNA-Seq; runs=4; experiments=4; biosamples=1	4	4	ERP158450	1	ERR13336303;ERR13336437;ERR13336584;ERR13336731	ERX12707269;ERX12707403;ERX12707550;ERX12707697	ENA
W3047	PRJEB73710	A pangenome reference of wild and cultivated rice	PRJEB73710_W3047_WGS	W3047 WGS	genome	PRJEB73710		https://www.ebi.ac.uk/ena/browser/view/PRJEB73710	ENA study=ERP158450; library_strategy=WGS; runs=2; experiments=2; biosamples=1	2	2	ERP158450	1	ERR13336174;ERR13765475	ERX12707140;ERX13166647	ENA
W3051	PRJEB73710	A pangenome reference of wild and cultivated rice	PRJEB73710_W3051_RNASEQ	W3051 RNA-Seq	transcriptome	PRJEB73710		https://www.ebi.ac.uk/ena/browser/view/PRJEB73710	ENA study=ERP158450; library_strategy=RNA-Seq; runs=4; experiments=4; biosamples=1	4	4	ERP158450	1	ERR13336304;ERR13336438;ERR13336585;ERR13336732	ERX12707270;ERX12707404;ERX12707551;ERX12707698	ENA
W3051	PRJEB73710	A pangenome reference of wild and cultivated rice	PRJEB73710_W3051_WGS	W3051 WGS	genome	PRJEB73710		https://www.ebi.ac.uk/ena/browser/view/PRJEB73710	ENA study=ERP158450; library_strategy=WGS; runs=2; experiments=2; biosamples=1	2	2	ERP158450	1	ERR13336175;ERR13765476	ERX12707141;ERX13166648	ENA
W3052	PRJEB73710	A pangenome reference of wild and cultivated rice	PRJEB73710_W3052_HIC	W3052 Hi-C	hic	PRJEB73710		https://www.ebi.ac.uk/ena/browser/view/PRJEB73710	ENA study=ERP158450; library_strategy=Hi-C; runs=1; experiments=1; biosamples=1	1	1	ERP158450	1	ERR13765531	ERX13166703	ENA
W3052	PRJEB73710	A pangenome reference of wild and cultivated rice	PRJEB73710_W3052_RNASEQ	W3052 RNA-Seq	transcriptome	PRJEB73710		https://www.ebi.ac.uk/ena/browser/view/PRJEB73710	ENA study=ERP158450; library_strategy=RNA-Seq; runs=4; experiments=4; biosamples=1	4	4	ERP158450	1	ERR13336305;ERR13336439;ERR13336586;ERR13336733	ERX12707271;ERX12707405;ERX12707552;ERX12707699	ENA
W3052	PRJEB73710	A pangenome reference of wild and cultivated rice	PRJEB73710_W3052_WGS	W3052 WGS	genome	PRJEB73710		https://www.ebi.ac.uk/ena/browser/view/PRJEB73710	ENA study=ERP158450; library_strategy=WGS; runs=2; experiments=2; biosamples=1	2	2	ERP158450	1	ERR13336176;ERR13765477	ERX12707142;ERX13166649	ENA
W3054	PRJEB73710	A pangenome reference of wild and cultivated rice	PRJEB73710_W3054_RNASEQ	W3054 RNA-Seq	transcriptome	PRJEB73710		https://www.ebi.ac.uk/ena/browser/view/PRJEB73710	ENA study=ERP158450; library_strategy=RNA-Seq; runs=4; experiments=4; biosamples=1	4	4	ERP158450	1	ERR13336306;ERR13336440;ERR13336587;ERR13336734	ERX12707272;ERX12707406;ERX12707553;ERX12707700	ENA
W3054	PRJEB73710	A pangenome reference of wild and cultivated rice	PRJEB73710_W3054_WGS	W3054 WGS	genome	PRJEB73710		https://www.ebi.ac.uk/ena/browser/view/PRJEB73710	ENA study=ERP158450; library_strategy=WGS; runs=2; experiments=2; biosamples=1	2	2	ERP158450	1	ERR13336177;ERR13765478	ERX12707143;ERX13166650	ENA
W3055	PRJEB73710	A pangenome reference of wild and cultivated rice	PRJEB73710_W3055_RNASEQ	W3055 RNA-Seq	transcriptome	PRJEB73710		https://www.ebi.ac.uk/ena/browser/view/PRJEB73710	ENA study=ERP158450; library_strategy=RNA-Seq; runs=3; experiments=3; biosamples=1	3	3	ERP158450	1	ERR13336307;ERR13336588;ERR13336735	ERX12707273;ERX12707554;ERX12707701	ENA
W3055	PRJEB73710	A pangenome reference of wild and cultivated rice	PRJEB73710_W3055_WGS	W3055 WGS	genome	PRJEB73710		https://www.ebi.ac.uk/ena/browser/view/PRJEB73710	ENA study=ERP158450; library_strategy=WGS; runs=2; experiments=2; biosamples=1	2	2	ERP158450	1	ERR13336178;ERR13765479	ERX12707144;ERX13166651	ENA
W3063	PRJEB73710	A pangenome reference of wild and cultivated rice	PRJEB73710_W3063_RNASEQ	W3063 RNA-Seq	transcriptome	PRJEB73710		https://www.ebi.ac.uk/ena/browser/view/PRJEB73710	ENA study=ERP158450; library_strategy=RNA-Seq; runs=4; experiments=4; biosamples=1	4	4	ERP158450	1	ERR13336308;ERR13336441;ERR13336589;ERR13336736	ERX12707274;ERX12707407;ERX12707555;ERX12707702	ENA
W3063	PRJEB73710	A pangenome reference of wild and cultivated rice	PRJEB73710_W3063_WGS	W3063 WGS	genome	PRJEB73710		https://www.ebi.ac.uk/ena/browser/view/PRJEB73710	ENA study=ERP158450; library_strategy=WGS; runs=2; experiments=2; biosamples=1	2	2	ERP158450	1	ERR13336179;ERR13765480	ERX12707145;ERX13166652	ENA
W3066	PRJEB73710	A pangenome reference of wild and cultivated rice	PRJEB73710_W3066_HIC	W3066 Hi-C	hic	PRJEB73710		https://www.ebi.ac.uk/ena/browser/view/PRJEB73710	ENA study=ERP158450; library_strategy=Hi-C; runs=1; experiments=1; biosamples=1	1	1	ERP158450	1	ERR13765532	ERX13166704	ENA
W3066	PRJEB73710	A pangenome reference of wild and cultivated rice	PRJEB73710_W3066_RNASEQ	W3066 RNA-Seq	transcriptome	PRJEB73710		https://www.ebi.ac.uk/ena/browser/view/PRJEB73710	ENA study=ERP158450; library_strategy=RNA-Seq; runs=3; experiments=3; biosamples=1	3	3	ERP158450	1	ERR13336442;ERR13336590;ERR13336737	ERX12707408;ERX12707556;ERX12707703	ENA
W3066	PRJEB73710	A pangenome reference of wild and cultivated rice	PRJEB73710_W3066_WGS	W3066 WGS	genome	PRJEB73710		https://www.ebi.ac.uk/ena/browser/view/PRJEB73710	ENA study=ERP158450; library_strategy=WGS; runs=2; experiments=2; biosamples=1	2	2	ERP158450	1	ERR13336180;ERR13765481	ERX12707146;ERX13166653	ENA
W3071	PRJEB73710	A pangenome reference of wild and cultivated rice	PRJEB73710_W3071_RNASEQ	W3071 RNA-Seq	transcriptome	PRJEB73710		https://www.ebi.ac.uk/ena/browser/view/PRJEB73710	ENA study=ERP158450; library_strategy=RNA-Seq; runs=4; experiments=4; biosamples=1	4	4	ERP158450	1	ERR13336309;ERR13336443;ERR13336591;ERR13336738	ERX12707275;ERX12707409;ERX12707557;ERX12707704	ENA
W3071	PRJEB73710	A pangenome reference of wild and cultivated rice	PRJEB73710_W3071_WGS	W3071 WGS	genome	PRJEB73710		https://www.ebi.ac.uk/ena/browser/view/PRJEB73710	ENA study=ERP158450; library_strategy=WGS; runs=2; experiments=2; biosamples=1	2	2	ERP158450	1	ERR13336181;ERR13765482	ERX12707147;ERX13166654	ENA
W3074	PRJEB73710	A pangenome reference of wild and cultivated rice	PRJEB73710_W3074_RNASEQ	W3074 RNA-Seq	transcriptome	PRJEB73710		https://www.ebi.ac.uk/ena/browser/view/PRJEB73710	ENA study=ERP158450; library_strategy=RNA-Seq; runs=2; experiments=2; biosamples=1	2	2	ERP158450	1	ERR13336592;ERR13336739	ERX12707558;ERX12707705	ENA
W3074	PRJEB73710	A pangenome reference of wild and cultivated rice	PRJEB73710_W3074_WGS	W3074 WGS	genome	PRJEB73710		https://www.ebi.ac.uk/ena/browser/view/PRJEB73710	ENA study=ERP158450; library_strategy=WGS; runs=2; experiments=2; biosamples=1	2	2	ERP158450	1	ERR13336182;ERR13765483	ERX12707148;ERX13166655	ENA
W3082	PRJEB73710	A pangenome reference of wild and cultivated rice	PRJEB73710_W3082_HIC	W3082 Hi-C	hic	PRJEB73710		https://www.ebi.ac.uk/ena/browser/view/PRJEB73710	ENA study=ERP158450; library_strategy=Hi-C; runs=1; experiments=1; biosamples=1	1	1	ERP158450	1	ERR13765533	ERX13166705	ENA
W3082	PRJEB73710	A pangenome reference of wild and cultivated rice	PRJEB73710_W3082_RNASEQ	W3082 RNA-Seq	transcriptome	PRJEB73710		https://www.ebi.ac.uk/ena/browser/view/PRJEB73710	ENA study=ERP158450; library_strategy=RNA-Seq; runs=2; experiments=2; biosamples=1	2	2	ERP158450	1	ERR13336444;ERR13336593	ERX12707410;ERX12707559	ENA
W3082	PRJEB73710	A pangenome reference of wild and cultivated rice	PRJEB73710_W3082_WGS	W3082 WGS	genome	PRJEB73710		https://www.ebi.ac.uk/ena/browser/view/PRJEB73710	ENA study=ERP158450; library_strategy=WGS; runs=2; experiments=2; biosamples=1	2	2	ERP158450	1	ERR13336183;ERR13765484	ERX12707149;ERX13166656	ENA
W3086	PRJEB73710	A pangenome reference of wild and cultivated rice	PRJEB73710_W3086_HIC	W3086 Hi-C	hic	PRJEB73710		https://www.ebi.ac.uk/ena/browser/view/PRJEB73710	ENA study=ERP158450; library_strategy=Hi-C; runs=1; experiments=1; biosamples=1	1	1	ERP158450	1	ERR13765534	ERX13166706	ENA
W3086	PRJEB73710	A pangenome reference of wild and cultivated rice	PRJEB73710_W3086_RNASEQ	W3086 RNA-Seq	transcriptome	PRJEB73710		https://www.ebi.ac.uk/ena/browser/view/PRJEB73710	ENA study=ERP158450; library_strategy=RNA-Seq; runs=4; experiments=4; biosamples=1	4	4	ERP158450	1	ERR13336310;ERR13336445;ERR13336594;ERR13336740	ERX12707276;ERX12707411;ERX12707560;ERX12707706	ENA
W3086	PRJEB73710	A pangenome reference of wild and cultivated rice	PRJEB73710_W3086_WGS	W3086 WGS	genome	PRJEB73710		https://www.ebi.ac.uk/ena/browser/view/PRJEB73710	ENA study=ERP158450; library_strategy=WGS; runs=2; experiments=2; biosamples=1	2	2	ERP158450	1	ERR13336184;ERR13765485	ERX12707150;ERX13166657	ENA
W3088	PRJEB73710	A pangenome reference of wild and cultivated rice	PRJEB73710_W3088_RNASEQ	W3088 RNA-Seq	transcriptome	PRJEB73710		https://www.ebi.ac.uk/ena/browser/view/PRJEB73710	ENA study=ERP158450; library_strategy=RNA-Seq; runs=4; experiments=4; biosamples=1	4	4	ERP158450	1	ERR13336311;ERR13336446;ERR13336595;ERR13336741	ERX12707277;ERX12707412;ERX12707561;ERX12707707	ENA
W3088	PRJEB73710	A pangenome reference of wild and cultivated rice	PRJEB73710_W3088_WGS	W3088 WGS	genome	PRJEB73710		https://www.ebi.ac.uk/ena/browser/view/PRJEB73710	ENA study=ERP158450; library_strategy=WGS; runs=2; experiments=2; biosamples=1	2	2	ERP158450	1	ERR13336185;ERR13765486	ERX12707151;ERX13166658	ENA
W3090	PRJEB73710	A pangenome reference of wild and cultivated rice	PRJEB73710_W3090_RNASEQ	W3090 RNA-Seq	transcriptome	PRJEB73710		https://www.ebi.ac.uk/ena/browser/view/PRJEB73710	ENA study=ERP158450; library_strategy=RNA-Seq; runs=3; experiments=3; biosamples=1	3	3	ERP158450	1	ERR13336447;ERR13336596;ERR13336742	ERX12707413;ERX12707562;ERX12707708	ENA
W3090	PRJEB73710	A pangenome reference of wild and cultivated rice	PRJEB73710_W3090_WGS	W3090 WGS	genome	PRJEB73710		https://www.ebi.ac.uk/ena/browser/view/PRJEB73710	ENA study=ERP158450; library_strategy=WGS; runs=2; experiments=2; biosamples=1	2	2	ERP158450	1	ERR13336186;ERR13765487	ERX12707152;ERX13166659	ENA
W3092	PRJEB73710	A pangenome reference of wild and cultivated rice	PRJEB73710_W3092_RNASEQ	W3092 RNA-Seq	transcriptome	PRJEB73710		https://www.ebi.ac.uk/ena/browser/view/PRJEB73710	ENA study=ERP158450; library_strategy=RNA-Seq; runs=3; experiments=3; biosamples=1	3	3	ERP158450	1	ERR13336448;ERR13336597;ERR13336743	ERX12707414;ERX12707563;ERX12707709	ENA
W3092	PRJEB73710	A pangenome reference of wild and cultivated rice	PRJEB73710_W3092_WGS	W3092 WGS	genome	PRJEB73710		https://www.ebi.ac.uk/ena/browser/view/PRJEB73710	ENA study=ERP158450; library_strategy=WGS; runs=2; experiments=2; biosamples=1	2	2	ERP158450	1	ERR13336187;ERR13765488	ERX12707153;ERX13166660	ENA
W3096	PRJEB73710	A pangenome reference of wild and cultivated rice	PRJEB73710_W3096_RNASEQ	W3096 RNA-Seq	transcriptome	PRJEB73710		https://www.ebi.ac.uk/ena/browser/view/PRJEB73710	ENA study=ERP158450; library_strategy=RNA-Seq; runs=4; experiments=4; biosamples=1	4	4	ERP158450	1	ERR13336312;ERR13336449;ERR13336598;ERR13336744	ERX12707278;ERX12707415;ERX12707564;ERX12707710	ENA
W3096	PRJEB73710	A pangenome reference of wild and cultivated rice	PRJEB73710_W3096_WGS	W3096 WGS	genome	PRJEB73710		https://www.ebi.ac.uk/ena/browser/view/PRJEB73710	ENA study=ERP158450; library_strategy=WGS; runs=2; experiments=2; biosamples=1	2	2	ERP158450	1	ERR13336188;ERR13765489	ERX12707154;ERX13166661	ENA
